43	1143	1
43	1916	1
43	1918	1
43	4448	1
43	4453	1
70	1034059	1
70	1034589	1
70	1034590	1
70	1037807	1
72	30101	1
72	1031463	1
72	1037807	1
72	1038436	1
98	742	3
98	1528	1
98	2401	1
98	2403	1
98	3768	1
98	26121	1
98	26122	2
98	28713	1
98	29198	1
98	30263	1
98	30264	1
98	30595	2
98	1031065	1
98	1031644	6
163	758	1
163	4239	1
163	4432	1
163	1036318	1
163	1036972	1
177	1035153	1
177	1038620	1
177	1042740	1
177	1042741	1
177	1042742	1
177	1042744	1
177	149000000943	1
395	1584	1
395	1617	1
395	1823	2
395	30215	1
395	1034409	1
443	373	1
443	1073	1
443	1030578	1
443	1031882	1
443	1033643	1
443	1035216	1
443	149000000517	1
484	197	1
484	1747	1
484	1034506	1
484	1037947	1
752	289	1
752	320	1
752	377	1
752	877	1
752	1442	1
752	2644	1
752	3494	1
752	3541	1
752	3864	1
752	26067	1
752	26697	1
752	28489	1
752	29875	1
752	1033647	1
752	1035448	1
752	1038780	1
752	1040692	1
752	1040804	2
752	1042135	1
752	1042773	1
1018	26221	1
1018	29241	1
1018	1037852	1
1018	1039145	1
1357	1823	1
1357	26123	1
1357	28423	1
1357	28461	1
1357	28462	1
1564	3986	1
1564	4200	1
1564	29258	1
1564	30103	1
1616	1031107	1
1616	1031119	1
1616	1031160	1
1616	1031281	1
1616	1033860	1
1616	1035231	1
2266	1033467	1
2266	1033468	1
2266	1039123	1
2266	1041379	1
2447	571	1
2447	843	1
2447	1561	2
2447	1617	1
2447	29986	1
2447	1033553	1
2447	1034592	1
2447	1034603	1
2447	1034913	1
2590	742	2
2590	920	3
2590	2592	1
2590	3513	2
2590	3603	1
2590	30205	1
2590	1038466	1
2590	1039471	1
2590	1041289	1
2590	1041311	1
2996	26884	1
2996	1031003	1
2996	1037981	1
2996	1038466	1
2996	1041621	1
3727	1823	1
3727	26245	2
3727	29986	1
3832	29989	1
3832	1030578	1
3832	1034359	1
3832	1042269	1
3960	2625	1
3960	3180	1
3960	26160	1
3960	27293	1
3960	1030382	1
4129	29988	1
4129	29991	1
4129	1038837	2
4129	149000000943	1
4278	1109	2
4278	1617	1
4278	3620	1
4278	25943	1
4278	26581	1
4278	29171	1
4278	1034580	1
4278	1035153	1
4278	1035569	1
4278	1037533	1
4287	1623	1
4287	1833	1
4287	3326	1
4287	3537	3
4287	3538	1
4287	3540	1
4287	3864	6
4287	4328	1
4287	28590	1
4287	28636	1
4287	29990	1
4287	30141	1
4287	1030391	1
4287	1030911	1
4287	1030962	1
4287	1031479	1
4287	1033088	1
4287	1035629	1
4287	1035967	1
4287	1037396	1
4376	26121	1
4376	26697	1
4376	30141	1
4376	1034356	1
4681	1031684	1
4681	1035397	1
4681	1042422	2
4791	1032025	2
4791	1035128	1
4791	1035129	1
4911	2930	1
4911	3046	1
4911	3339	1
4911	3348	2
4911	3497	1
4911	28810	1
4911	1030917	1
4931	345	1
4931	4533	1
4931	30376	1
4931	1035604	1
4931	1038652	1
4931	1042270	1
5949	1050	1
5949	1617	1
5949	3995	1
5949	1033028	1
5949	1035569	1
5949	1036593	1
5949	1037412	1
6597	1823	1
6597	3423	1
6597	4200	1
6597	26160	1
6597	28018	1
6597	1032724	1
6597	1033822	1
6597	1034644	1
6597	1035448	1
6597	1037578	1
6597	1040368	1
6597	1042270	1
6597	1042341	1
6597	1042343	1
6597	1042931	1
8362	219	1
8362	1050	2
8362	1136	1
8362	1364	1
8362	1517	1
8362	1823	2
8362	1826	2
8362	2768	1
8362	2827	1
8362	2899	1
8362	3674	1
8362	4045	1
8362	26159	1
8362	28960	1
8362	29479	1
8362	29898	1
8362	1032877	1
8362	1033776	2
8362	1033822	2
8362	1034138	1
8362	1034145	1
8362	1034412	1
8362	1034684	1
8362	1035630	1
8362	1038357	1
8362	1039975	1
8362	1043124	1
8570	724	1
8570	850	1
8570	3019	1
8570	3746	1
8570	3765	1
8570	4450	1
8570	26123	1
8616	877	1
8616	3995	1
8616	27426	1
8616	1034539	1
8616	1035416	1
9928	63	1
9928	4360	1
9928	26188	1
9928	29241	1
9928	1033247	1
9928	1033822	1
9928	1035085	1
9928	1035163	1
9928	1035827	1
9928	1036319	1
9928	1036559	1
9928	1042143	1
9928	1043146	1
10166	147	1
10166	3864	3
10166	1038313	1
10166	149000000574	1
10307	1031466	1
10307	1038652	2
10307	1042267	1
10307	149000001436	1
10610	1035290	2
10610	1035294	2
10754	1276	1
10754	2287	1
10754	2741	1
10754	4435	1
11038	4199	1
11038	4200	1
11038	1031603	1
11038	1035510	1
11038	1035904	1
11038	1041301	1
11775	3456	1
11775	3587	1
11775	3766	1
11775	4048	1
11775	1031613	1
11775	1031774	1
11775	1041688	2
11775	149000000643	1
11775	149000000927	3
11775	149000000998	1
11775	149000001340	1
11828	1031465	1
11828	1033666	1
11828	1033668	1
11828	1033670	1
11828	1033822	1
11828	1036981	2
11853	2112	1
11853	30263	1
11853	1030578	1
11853	1035569	1
11853	1036842	1
11853	1037010	2
11853	1037786	1
11853	1037910	1
11853	1042460	1
11853	149000000685	1
11853	149000000834	1
12159	1492	1
12159	3995	1
12159	1037009	1
12159	1039033	1
12159	1039548	1
12159	149000000686	1
12652	288	1
12652	1559	1
12652	1560	1
12652	1033017	1
12652	1033310	1
12652	1033822	1
12652	1034586	1
12652	1035510	1
12652	1035678	1
12652	1036867	1
12652	1038601	1
12652	1038606	1
12652	1040005	1
12652	1041443	2
12652	1041664	1
12652	149000000941	1
12652	149000000944	1
12922	131	1
12922	1073	1
12922	1617	2
12922	1031458	1
12922	1031481	1
12922	1038324	1
12922	1039568	1
12922	1040172	1
12922	1042337	1
13226	2636	1
13226	3019	1
13226	30205	1
13226	1036658	1
13779	2592	1
13779	2608	1
13779	1031774	1
13779	1032667	1
13779	149000000715	1
13967	1617	1
13967	2870	1
13967	26221	1
13967	1037586	1
13967	1037594	1
14508	2226	1
14508	4035	1
14508	4043	1
14508	1033485	1
14508	1033822	1
14508	1041336	1
14523	513	1
14523	639	1
14523	645	1
14523	1038426	1
14692	3353	1
14692	4370	1
14692	28810	1
14692	1033436	1
14692	1037981	1
14988	201	1
14988	26030	1
14988	1031779	1
14988	1035219	1
15066	4419	1
15066	1038837	1
15066	1039034	1
15066	1042338	1
15075	387	4
15075	2932	1
15075	1033264	1
15075	1033419	1
15075	1034762	1
15675	3682	1
15675	30109	1
15675	30117	1
15675	30125	1
15675	30128	1
15675	1033749	1
16154	4535	1
16154	1034506	3
16154	1035085	1
16487	1031107	1
16487	1038354	1
16487	1038357	1
16487	1038366	1
16969	3326	1
16969	3996	1
16969	4227	1
16969	1037758	1
16969	1038200	1
16969	1038597	1
17135	3019	2
17135	1031479	1
17135	1031480	1
17135	1032440	1
17135	1037910	1
17152	3995	2
17152	1031926	1
17152	1031930	1
17152	1032572	1
17152	1032905	1
17152	1034757	1
17301	1559	1
17301	1560	1
17301	2635	1
17301	30169	1
17673	1617	1
17673	1037047	4
17695	1034582	1
17695	1034585	1
17695	1034587	1
17695	1040703	1
18596	1492	1
18596	1039457	1
18596	1040093	1
18596	1040097	1
18596	149000000560	1
18760	2636	1
18760	2638	1
18760	2641	1
18760	3770	1
18760	3995	2
18760	4171	1
18760	28991	1
18760	28996	1
18760	30215	1
18760	1031466	1
18760	1031481	1
18760	1031490	1
18760	1033626	1
18760	1033633	1
18760	1034376	1
18760	1035373	1
18760	1037567	1
18760	1038200	1
18760	1038313	1
18760	1038405	1
18760	1038450	1
18760	1038780	1
18760	1039473	4
18760	1039476	1
18760	149000000689	1
18956	28206	1
18956	1034359	1
18956	1036265	1
18956	1036268	1
19253	3048	1
19253	3349	1
19253	3495	1
19253	1033468	1
19253	1037797	1
19253	1038584	1
19253	1039014	1
19253	1039123	1
19441	1561	1
19441	1032879	1
19441	1033259	2
19539	1559	1
19539	1560	1
19539	1031463	1
19539	1032839	1
19623	2161	2
19623	1033670	1
19623	1033716	1
19678	3350	1
19678	3353	1
19678	3438	1
19678	28831	1
19678	1037854	1
22568	1823	1
22568	1033017	1
22568	1036728	1
22568	1039028	1
22568	1039034	1
22568	1039107	1
22660	1041336	1
22660	1041337	2
22660	1041338	1
22660	149000000701	1
23038	724	1
23038	3421	1
23038	26884	1
23038	1032905	1
23038	1033088	2
23038	1033243	1
23038	1033244	1
23038	1033626	1
23038	1034506	1
23038	1036728	1
23038	1041498	1
23038	149000000574	1
23038	149000001434	1
23577	1923	1
23577	28456	1
23577	29988	1
23577	30329	1
23691	26173	1
23691	30135	1
23691	30140	1
23691	1037532	1
23879	2099	1
23879	4349	1
23879	1033177	1
23879	1038436	1
28473	2226	1
28473	26188	1
28473	26223	1
28473	28230	1
28644	1429	1
28644	26109	1
28644	29883	1
28644	1035163	1
29526	2829	1
29526	2832	1
29526	26722	1
29526	26724	1
29526	1031478	1
29526	1034562	1
29526	1038652	1
32197	252	1
32197	287	1
32197	368	1
32197	606	1
32197	1580	1
32197	1694	1
32197	2894	1
32197	3073	1
32197	3239	1
32197	3520	1
32197	3674	1
32197	4183	1
32197	4386	1
32197	26578	1
32197	26743	1
32197	26745	1
32197	27180	1
32197	1031003	1
32197	1032442	1
32197	1033259	1
32197	1033896	1
32197	1035153	1
32197	1035473	1
32197	1035597	1
32197	1036091	1
32197	1036244	1
32197	1036429	1
32197	1036860	1
32197	1037880	2
32197	1038966	1
32197	1039913	1
32197	1039978	1
32197	1040005	1
32197	1041167	1
32197	1041511	1
32197	1041963	1
32397	29241	1
32397	1031774	1
32397	1034776	1
32397	1035629	1
33551	385	1
33551	1073	1
33551	2272	1
33551	2643	1
33551	3541	1
33551	29883	1
33551	1032841	1
33551	1033822	1
33551	1036430	1
33551	1036801	1
34158	219	1
34158	1612	1
34158	2070	1
34158	4198	1
34158	4199	1
34158	1031107	1
34158	1031782	1
34158	1034460	1
34158	1035629	1
34158	1036437	1
34158	1036981	1
34158	1041379	1
34158	1042742	1
34446	584	1
34446	585	1
34446	26058	1
34446	26064	1
34446	1034316	1
34446	1035448	1
34446	1035450	1
34672	201	1
34672	3326	1
34672	4190	1
34672	4369	1
34672	1035362	1
34786	1857	1
34786	2159	1
34786	2161	1
34786	2272	1
34786	1031305	1
34786	1035163	1
35551	1559	1
35551	1560	1
35551	1037578	1
35551	1037579	1
35730	26160	1
35730	1032615	1
35730	1035510	1
35730	1036474	1
35730	1042347	1
35962	607	1
35962	29987	1
35962	29988	1
35962	1040368	1
35962	1041443	2
36103	30322	1
36103	1031774	1
36103	1033626	1
36103	1034717	1
36103	1035130	1
36103	1035319	1
36103	1038652	1
36218	341	1
36218	986	1
36218	1030911	1
36218	1031658	2
36218	1035629	1
36869	225	1
36869	2269	1
36869	2270	1
36869	3271	1
36869	3332	1
36869	28603	1
36869	28991	1
36869	149000000865	1
36869	149000000933	1
36921	877	1
36921	2272	1
36921	30135	1
36921	1036420	1
36921	1036732	1
37151	4227	2
37151	4360	2
37151	1033803	1
37151	1037729	1
37151	1038597	1
37151	1041498	2
37214	1381	1
37214	1033088	2
37214	1037180	1
37214	149000000741	3
37214	149000000914	1
37736	3765	1
37736	3896	1
37736	1033036	2
38341	28713	1
38341	1031792	1
38341	1035031	1
38341	1036764	1
38341	1042135	1
38341	149000000928	1
38649	1561	1
38649	1823	1
38649	30205	1
38649	1032879	1
39706	1559	1
39706	3970	1
39706	1031003	1
39706	149000000727	1
42769	1848	1
42769	3977	1
42769	1032438	1
42769	1039037	1
42769	1041937	1
44121	2642	1
44121	2652	1
44121	2653	1
44121	2654	1
44121	2655	1
44121	1038429	1
45866	120	2
45866	1806	1
45866	26573	1
47521	1035153	1
47521	1035416	1
47521	1035447	1
47521	1035448	2
47521	1035569	1
48044	2272	1
48044	28611	1
48044	1039032	1
48044	1039035	1
48044	1041911	1
48421	1036738	1
48421	1038137	1
48421	1038450	1
48421	1038652	1
48722	3044	1
48722	3995	2
48722	29906	1
48722	1033088	1
49453	1034577	2
49453	1036964	1
49453	1036969	1
50644	1778	3
50644	26699	1
50644	1033589	1
50644	1033623	1
50644	1033885	1
50644	1034356	1
50705	2272	1
50705	3864	1
50705	30150	1
50705	1034564	1
50871	2643	1
50871	3604	1
50871	3672	1
50871	3673	1
50871	4005	1
50871	4105	1
50871	4237	1
50871	4367	1
50871	4537	1
50871	4541	1
50871	28634	1
50871	1035183	1
50871	1035707	1
50871	1036181	1
50871	1038995	1
51433	63	1
51433	3520	2
51433	29986	1
51433	29987	2
51433	1031606	1
51716	841	1
51716	1004	1
51716	2272	1
51716	3768	2
51716	3771	1
51716	3995	1
51716	26725	1
51716	28603	1
51716	28607	1
51716	1033177	1
51716	1034174	1
51716	1034409	1
51716	1034722	1
51716	1035629	1
51716	1042135	1
51908	120	1
51908	4219	1
51908	26429	1
51908	1031466	1
51908	1031467	1
51908	1031499	1
51908	1034562	1
51908	1037565	1
51908	1039596	1
52168	1559	2
52168	1561	2
52168	3699	1
53515	1617	1
53515	26695	1
53515	1033860	1
53515	1034680	1
53515	1035213	1
54418	1031477	1
54418	1031480	1
54418	1031490	1
54418	1035031	1
54418	1035037	1
54418	1039600	1
54418	1039779	1
55813	174	1
55813	922	1
55813	3294	1
55813	3396	1
55813	4105	1
55813	4284	1
55813	28995	1
55813	1036430	1
55813	1036661	1
56251	201	1
56251	742	3
56251	1030676	1
56251	1032510	1
56251	1034412	1
57750	512	1
57750	646	1
57750	26123	1
57750	26573	1
57928	569	1
57928	1559	1
57928	1560	1
57928	1617	1
57928	29198	1
57928	29564	1
57928	30205	1
57993	3350	1
57993	28831	1
57993	1031164	1
57993	1033463	1
57993	1033474	2
58127	437	1
58127	1217	1
58127	2900	1
58127	3745	1
58394	1035996	1
58394	1038968	1
58394	1038973	1
58394	1038992	1
58394	1039262	1
58394	1040142	1
59492	1037138	2
59492	1037981	1
59492	1038780	2
59492	1043008	1
60253	3283	1
60253	3460	2
60253	1035450	2
61057	3904	1
61057	1032727	1
61057	1035683	1
61057	1035904	1
61057	1035909	1
61325	4115	1
61325	1032442	1
61325	1033244	1
61325	1033899	1
61573	315	1
61573	26109	1
61573	1030578	1
61573	1031893	1
61670	696	1
61670	26581	1
61670	1032660	1
61670	1034689	1
61670	1035163	1
61670	1035903	1
65006	1767	1
65006	1923	1
65006	2652	1
65006	3456	1
65006	4099	1
65006	1036798	1
65006	1036803	1
65299	3766	1
65299	1038220	1
65299	1038837	2
66370	2618	1
66370	2636	1
66370	2637	1
66370	2638	1
66370	2641	1
66370	27429	1
66370	29081	2
70984	4199	1
70984	30215	1
70984	1042270	1
70984	149000000939	1
70984	149000000941	1
70984	149000000943	1
70984	149000000944	1
71900	120	1
71900	1559	1
71900	1560	1
71900	29987	1
71900	29990	1
71900	1031456	1
71900	1031458	1
71900	1033899	1
72037	1561	1
72037	1031348	2
72037	1032879	1
72074	4314	1
72074	1031472	1
72074	1031481	1
72074	1033418	1
72270	1033463	1
72270	1038729	1
72270	1038730	1
72270	1038732	1
72968	1617	2
72968	1031479	1
72968	1032606	2
72968	1038659	1
74395	1033244	1
74395	1033474	2
74395	1038995	2
74588	211	1
74588	1971	1
74588	2653	1
74588	3995	1
74588	4215	1
74588	4481	1
74588	29989	1
74588	1032877	1
74588	1034550	1
74588	1039471	1
74942	3608	1
74942	3674	1
74942	4170	1
74942	1030515	1
74942	1036112	2
74978	3355	2
74978	3864	1
74978	1035153	1
74978	1035569	1
74978	1041311	1
74978	1042741	1
76109	1559	1
76109	1031460	1
76109	1031494	1
76109	1042341	1
76109	149000000941	1
76455	3355	1
76455	26126	1
76455	26428	1
76455	1036451	1
76455	149000000589	1
76571	1035450	3
76571	1035529	1
77161	1559	1
77161	1561	1
77161	30205	1
77161	1031458	1
77161	1031490	1
77161	1032879	1
77161	149000000574	1
77721	2628	1
77721	4149	1
77721	25943	1
77721	1031080	1
77721	1031164	1
77721	1037419	1
77721	1037847	1
77721	1039228	1
78022	1381	1
78022	2400	1
78022	2403	1
78022	1032870	1
78022	1035880	1
78022	1038366	1
78022	1041301	1
78022	1041621	1
78022	149000000834	1
79236	1561	1
79236	2592	1
79236	26436	1
79236	29906	1
79236	1031461	1
79236	1031494	1
79236	1032905	2
79236	1037044	1
79236	1037410	1
79695	843	1
79695	1030578	1
79695	1030884	1
79695	1033036	1
79792	3005	1
79792	3006	1
79792	3146	1
79792	1031065	1
79792	1031066	1
79792	1031466	1
79792	1038354	1
79792	1038366	1
80022	3995	2
80022	30215	1
80022	1030578	2
80022	1033419	1
80022	1034612	1
80022	1034776	1
80022	1035665	1
80022	149000001432	1
81335	201	1
81335	1033168	1
81335	1033177	1
81335	1033259	1
81676	1033177	2
81676	1033246	1
81676	1034019	1
81676	1034409	1
81676	1035373	1
81676	1035615	1
81676	1036958	2
81676	1038837	1
82934	385	1
82934	2270	1
82934	3767	1
82934	1030884	1
82934	1033241	1
82934	1033244	1
82934	1033467	1
82934	1033822	2
82934	1033860	1
82934	1037979	1
82934	1038416	1
82934	1042079	1
83070	2161	1
83070	3864	3
83256	1559	1
83256	1560	1
83256	1561	1
83256	1032879	1
83256	1041292	1
83681	3338	1
83681	3497	1
83681	29230	1
83681	1031668	1
84066	849	1
84066	1617	1
84066	26578	1
84066	1031673	1
84066	1032442	1
84066	1034356	1
84066	1035665	1
84066	1035827	1
84066	1036331	1
84531	2894	1
84531	3995	1
84531	29541	1
84531	1036318	1
84735	197	1
84735	1617	1
84735	1779	1
84735	1035447	1
84735	1035529	1
84735	1035569	1
84794	3743	1
84794	29543	1
84794	1032822	1
84794	1032905	1
84947	1694	1
84947	2270	1
84947	30214	1
84947	1031644	1
84947	1038360	3
84977	1032440	2
84977	1032572	1
84977	1038429	1
85147	1617	1
85147	3576	1
85147	1035085	1
85147	1035922	1
85507	4198	1
85507	1031456	1
85507	1031466	1
85507	1042269	1
85507	1042270	1
85507	149000001437	1
85720	3771	1
85720	25943	1
85720	1032315	1
85720	1032572	1
85720	1033611	1
85720	1033744	2
85720	1033745	1
85720	1034433	1
85720	1035569	1
85720	1036318	1
85720	1036319	1
85720	1036542	1
86574	1617	1
86574	1035613	1
86574	1043105	1
86574	1043111	1
86574	1043115	1
86861	377	1
86861	848	1
86861	2642	1
86861	1033070	1
87054	1761	1
87054	3520	2
87054	29152	2
87054	1039548	1
87212	1032750	1
87212	1033436	1
87212	1034356	1
87212	1036807	1
87308	4135	1
87308	1034145	1
87308	1037010	1
87308	1041937	3
87308	1042833	1
87308	1042841	1
87308	1042845	1
87895	2248	1
87895	1031466	1
87895	1031499	1
87895	1034408	1
87895	1035615	1
87895	1036169	1
87895	1036179	2
87895	149000001433	1
88030	3866	1
88030	1031479	1
88030	1037753	1
88030	1037764	1
88030	1038613	1
88030	1040368	2
91560	2636	1
91560	2637	1
91560	2643	1
91560	1038200	1
91811	324	1
91811	1617	1
91811	3521	1
91811	1030578	1
91811	1039158	1
91811	1041498	1
91811	149000001438	1
93750	1778	1
93750	1779	1
93750	1780	2
93750	4150	1
93750	1040892	1
95482	848	1
95482	1491	1
95482	2653	1
95482	26674	1
95482	29976	1
95482	1031164	1
95482	1033017	1
95482	1033822	1
95482	1035004	1
95482	1041311	1
96265	30138	1
96265	1037578	1
96265	1038326	1
96265	1038436	1
96265	149000000574	1
97173	26926	1
97173	1034565	1
97173	1035153	1
97173	1040172	1
97359	372	1
97359	1823	1
97359	2272	1
97359	3766	1
97359	4228	1
97359	28206	1
97359	28822	1
97359	30317	1
97359	1033465	1
97359	149000001045	1
97991	1109	1
97991	2272	1
97991	2645	1
97991	1030791	1
98882	303	2
98882	385	1
98882	450	1
98882	518	1
98882	605	1
98882	3122	1
98882	3239	1
98882	3774	1
98882	3997	1
98882	4360	1
98882	29064	1
98882	29553	1
98882	1035976	1
99611	926	1
99611	3732	1
99611	1034506	1
99611	1035569	1
102945	447	1
102945	604	1
102945	1022	1
102945	28456	1
102945	1033263	1
104925	368	1
104925	862	1
104925	3780	1
104925	1034506	1
104925	1034510	1
104925	1037630	1
104925	1038142	1
104925	1038143	1
105494	1559	1
105494	1560	1
105494	1561	1
105494	1823	1
105494	1031461	1
105826	605	1
105826	1092	1
105826	1580	1
105826	2641	1
105826	3198	1
105826	3250	2
105826	3277	1
105826	4269	1
105826	28621	1
105826	1030676	1
105826	1031789	1
105826	1033899	1
105826	1040625	1
105826	1041443	1
107097	2272	1
107097	26928	1
107097	1033899	1
107097	1041237	1
107491	333	2
107491	1369	1
107491	1031774	1
107491	1033088	1
107491	1033168	1
107491	1034598	1
107491	1037786	1
107491	1038652	1
107534	1617	1
107534	3019	1
107534	26109	1
107534	1042270	1
107818	1559	3
107818	1561	1
107818	1823	2
107818	26223	1
107818	1032218	1
107818	1032443	1
107818	1033822	1
108100	1073	1
108100	3682	1
108100	29152	1
108100	149000000530	1
111227	345	1
111227	920	1
111227	28624	1
111227	29987	1
111227	149000001435	1
111227	149000001437	1
112104	1037415	1
112104	1037914	1
112104	1037969	1
112104	1039194	1
112104	1039353	1
112214	160	3
112214	29152	1
112214	1030397	1
112214	1032438	1
112230	25980	1
112230	1033017	1
112230	1035967	1
112230	1039107	1
113538	470	1
113538	2294	1
113538	1034376	1
113538	1035976	1
113538	1038659	1
113538	1038837	1
113538	1039170	1
113538	1042614	1
117858	1073	1
117858	3695	1
117858	3732	1
117858	4360	1
117858	29072	1
117858	1033243	1
117858	1033776	1
117858	1034019	1
117858	1034565	1
120887	3282	1
120887	1034376	1
120887	1035235	1
120887	1035510	1
120887	1040368	1
120887	1042267	1
120887	149000001433	1
120887	149000001434	1
120887	149000001435	1
121038	3049	5
121169	3343	1
121169	28819	1
121169	30135	1
121169	1031107	1
121169	1031164	3
121169	1038269	1
121376	29184	1
121376	1031644	1
121376	1033860	1
121376	1034922	1
121376	1035033	1
121376	1035448	1
121376	1035450	2
121376	1035529	1
121403	2657	1
121403	1032671	1
121403	1033471	1
121403	1033474	1
121403	1036420	1
121403	1036732	1
121403	1036741	1
121403	1037764	1
122451	1559	1
122451	1560	1
122451	1561	1
122451	30205	1
122451	1032879	1
122451	1038034	1
122451	149000000574	1
125121	29990	1
125121	29991	1
125121	30205	1
125121	1032877	1
125121	1042267	1
125809	3341	1
125809	3353	1
125809	1033436	1
125809	1033463	1
125809	1037415	1
125809	1041728	1
126026	1617	1
126026	26121	1
126026	1030578	1
126026	1038659	1
126026	1038837	1
126026	1041621	2
126026	1041668	1
126026	149000000530	1
126026	149000001438	1
130788	3048	1
130788	1032750	1
130788	1035153	1
130788	1037915	1
131641	324	1
131641	1034019	1
131641	1042703	1
131641	1043127	1
132935	264	2
132935	922	1
132935	1073	1
132935	1765	1
132935	1806	1
132935	2071	1
132935	2625	1
132935	2657	1
132935	3662	1
132935	3683	1
132935	3696	1
132935	4276	1
132935	26637	1
132935	30150	2
132935	30205	1
132935	30215	2
132935	1030689	1
132935	1030691	1
132935	1030692	1
132935	1030693	1
132935	1030706	1
132935	1031463	1
132935	1032877	1
132935	1034174	1
132935	1036430	1
132935	1036658	1
132935	1036661	2
132935	1037463	1
132935	1037579	1
132935	1038034	1
132935	1038635	1
132935	1038652	2
132935	1041460	1
132935	1041470	2
132935	1042170	1
132935	1042715	1
132980	30205	2
132980	1031466	1
132980	1037564	1
132980	149000000574	1
133312	742	1
133312	3338	1
133312	3745	1
133312	3866	1
133312	1034412	1
133600	1069	1
133600	3081	2
133600	1030536	1
133600	1034433	1
133609	2272	1
133609	1031479	1
133609	1035818	1
133609	1036188	3
133609	1036964	1
133646	2591	1
133646	2657	1
133646	3732	1
133646	27988	1
133646	30103	1
133646	30206	1
133646	30210	1
133646	1031479	1
133646	1033749	1
133646	1034757	1
133646	1035376	1
133646	1036738	1
133646	1036753	1
133646	1037764	1
133646	1037910	1
133646	1037943	1
133646	1037959	1
133646	1039111	1
133646	1039163	1
133646	1040363	1
133646	1041166	1
133646	1041480	1
133646	1041963	1
133646	1042089	1
133646	1043194	1
133646	149000000534	1
133646	149000000545	1
134180	1031479	1
134180	1036969	2
134180	149000000574	1
134947	289	1
134947	28456	1
134947	30732	1
134947	1035133	1
134947	1038426	1
134947	1040571	1
135021	1602	2
135021	4056	1
135021	1031774	1
135021	1035163	1
135021	1035500	1
135176	1781	2
135176	3519	1
135176	3520	2
135176	3774	1
135416	497	1
135416	26724	1
135416	26731	1
135416	1035153	1
135416	1036319	1
135416	1038360	1
136090	3282	1
136090	3766	1
136090	1031061	1
136090	1031160	1
136447	1038601	1
136447	1039086	1
136447	1039464	1
136447	1040368	1
136785	2400	1
136785	3124	1
136785	27682	1
136785	30266	1
136785	1034913	1
136785	1035183	1
136785	1035903	1
136785	1036938	1
136985	1559	3
136985	1560	2
136985	1823	2
136985	2272	1
136985	2617	1
136985	2627	1
136985	26430	2
136985	26453	1
136985	26887	1
136985	27432	1
136985	1031613	1
136985	1032879	1
136985	1033600	1
136985	1035153	1
136985	1036661	1
136985	1036742	1
136985	149000000500	1
137054	29976	1
137054	29977	1
137054	29978	1
137054	29982	1
137500	3300	1
137500	1036188	1
137500	1038520	1
137500	149000000943	1
137672	2841	1
137672	1034584	1
137672	1034775	1
137672	1037699	1
137672	1041262	1
139121	29153	1
139121	1031806	1
139121	1035448	1
139121	1035508	1
139148	1994	1
139148	4258	1
139148	26160	1
139148	28014	1
139148	1031614	1
139148	1033419	1
139148	1034382	2
139148	1040005	2
139148	1041937	3
139148	149000000944	1
139148	149000000946	1
139415	261	1
139415	1030678	1
139415	1035903	1
139415	1037880	1
139415	1039123	1
140212	26666	1
140212	27425	1
140212	28461	1
140212	1035448	1
140212	1038165	1
140212	1038423	1
140300	1617	1
140300	4277	1
140300	28017	1
140300	1032877	1
140307	525	1
140307	1032670	1
140307	1032905	3
140307	1033142	2
140307	1033762	1
140307	1033800	1
140307	1033822	1
141060	1778	1
141060	1034359	2
141060	1035362	1
141104	261	1
141104	2871	1
141104	1039112	1
141104	1039473	1
141153	1381	1
141153	2085	1
141153	1032870	1
141153	1038363	1
141157	333	1
141157	1368	1
141157	1371	1
141157	1033459	1
141157	1037412	1
141157	1037415	1
141157	1038622	1
141157	1038627	1
141157	1039077	1
141157	1039086	1
141157	1040168	1
141205	1559	1
141205	3830	1
141205	1031466	1
141205	1032877	1
141228	333	1
141228	334	1
141228	1369	1
141228	1372	1
141228	2832	1
141228	3746	1
141228	3864	1
141228	29418	1
141228	1033259	1
141228	1037784	1
141228	1037819	1
141228	1038020	1
141254	1560	1
141254	1823	1
141254	3460	1
141254	29152	1
141254	1032877	1
141254	1037910	1
141374	2217	1
141374	4360	1
141374	29248	1
141374	1031432	1
141374	1035630	1
142019	4048	1
142019	28995	1
142019	1033822	1
142019	1033860	1
142019	1035827	1
142072	160	1
142072	1617	1
142072	2816	1
142072	29986	1
142072	1030676	1
142072	1031471	1
142072	1033017	1
142072	1033467	1
142072	1033474	2
142207	2768	1
142207	2809	1
142207	3625	1
142207	26643	1
142207	1034237	1
142393	1946	1
142393	1031616	1
142393	1034206	1
142393	1034973	1
142467	132	1
142467	3625	1
142467	3896	1
142467	26223	1
142467	28264	1
142467	29241	1
142467	29366	1
142467	1033595	1
142467	1034054	1
143016	1035665	6
143060	315	1
143060	381	1
143060	27606	1
143060	29877	1
143060	29977	1
143060	29982	1
143060	149000000530	1
143327	2226	1
143327	25815	1
143327	1035507	1
143327	1038652	1
143384	1030552	1
143384	1034506	1
143384	1034607	1
143384	1036265	1
143385	3046	1
143385	1032835	2
143385	1038200	1
143385	1039048	1
143465	288	1
143465	470	1
143465	719	1
143465	1525	1
143465	1656	1
143465	1754	1
143465	1755	1
143465	1757	1
143465	1823	1
143465	2619	1
143465	2620	1
143465	2657	1
143465	3958	1
143465	3970	1
143465	3971	1
143465	3992	1
143465	3995	1
143465	3996	1
143465	4200	1
143465	4229	1
143465	29335	1
143465	29336	1
143465	29337	1
143465	29338	1
143465	29780	1
143465	29875	1
143465	29876	1
143465	29967	1
143465	29988	1
143465	29991	1
143465	30090	1
143465	30101	1
143465	30103	1
143465	30169	1
143465	30214	1
143465	30215	1
143465	1031463	1
143465	1031466	1
143465	1031479	1
143465	1032879	1
143465	1033716	1
143465	1035245	1
143465	1036860	1
143465	1037563	1
143465	1037910	1
143465	1041443	1
143465	1042209	2
143465	1042267	1
143465	1042345	1
143465	1042698	1
143465	1043003	1
144668	219	1
144668	873	1
144668	877	1
144668	1857	1
144668	3765	1
144668	28991	1
144668	28996	1
144668	30215	1
144668	1030884	1
144668	1033028	1
144668	1034476	1
144668	1034567	1
144668	1036319	3
144668	1038659	1
144668	1039034	2
144668	1039037	1
144668	149000000535	1
145370	1617	1
145370	4116	1
145370	1036169	1
145370	1036179	1
145370	1042144	1
145594	1031459	1
145594	1031490	1
145594	1032835	1
145594	1042076	1
145594	1042080	1
145594	149000001156	1
145728	920	1
145728	1512	1
145728	3338	1
145728	4239	1
145728	26785	1
145728	1030888	1
145728	1030899	1
145728	1038620	1
145756	4367	1
145756	4533	1
145756	28601	1
145756	1040787	1
145756	1042698	1
145840	447	1
145840	1987	1
145840	2208	1
145840	3360	1
145840	1034600	1
146694	3970	1
146694	3971	1
146694	4043	1
146694	4044	1
146694	1031463	1
146694	1031466	1
146694	1031493	1
146694	1032878	1
146694	1038360	1
147680	875	2
147680	4114	2
147680	29258	1
147739	522	1
147739	763	1
147739	1801	1
147739	2810	1
147739	3562	1
147739	3871	1
147739	25965	1
147739	30449	1
147739	1032790	1
147739	1033900	1
147739	1033903	1
147739	1039197	1
147739	1039369	1
147739	1041621	1
147739	1041668	1
147899	3350	1
147899	3353	1
147899	29470	1
147899	1033297	1
147955	1747	1
147955	2644	1
147955	2652	1
147955	2654	1
147955	3972	1
147955	3995	1
147955	4535	1
147955	30215	1
147955	30614	1
147955	1034394	1
148244	632	1
148244	920	1
148244	1036169	1
148244	149000001293	1
148255	29081	1
148255	1039170	1
148255	149000000534	1
148255	149000000687	1
148284	2654	1
148284	3343	1
148284	1038584	1
148284	1042170	1
148355	225	2
148355	1898	3
148355	1031164	2
148464	1031864	1
148464	1033848	1
148464	1034239	1
148464	1034455	3
148504	2272	1
148504	1033244	1
148504	1035166	1
148504	1037533	1
148835	1031164	1
148835	1038732	1
148835	1038733	1
148835	1039029	1
148835	1041128	1
148927	371	1
148927	1393	1
148927	1429	2
148927	1617	1
148927	1857	1
148927	3708	1
148927	1031479	1
148927	1038620	1
148927	149000000574	1
148978	1899	3
148978	26884	1
148978	29551	1
148978	30205	1
148978	1031164	2
148978	1033017	1
148978	1034138	1
148978	1038674	1
149279	29065	1
149279	29967	1
149279	1035160	1
149279	1041306	1
149399	1636	1
149399	3762	1
149399	3763	1
149399	3995	1
149487	201	1
149487	480	1
149487	841	3
149487	1052	1
149487	1584	1
149487	1823	1
149487	2177	1
149487	2830	1
149487	3052	1
149487	3595	1
149487	3758	1
149487	4107	1
149487	4257	1
149487	4446	1
149487	4448	1
149487	26030	1
149487	29991	1
149487	1031546	1
149487	1031806	1
149487	1031884	1
149487	1032790	1
149487	1033135	1
149487	1033136	1
149487	1033137	1
149487	1033138	1
149487	1033139	1
149487	1033875	1
149487	1035085	1
149487	1035878	1
149487	1036112	1
149487	1040625	1
149487	1042449	1
149602	1032340	1
149602	1034700	1
149602	1034702	1
149602	1034773	1
149703	2151	1
149703	3271	2
149703	3771	1
149833	3784	1
149833	1032988	1
149833	1035153	1
149833	1043003	1
149843	1037546	1
149843	1037547	1
149843	1037548	1
149843	1037549	1
150316	1559	1
150316	1560	1
150316	1823	2
150316	28017	1
150316	28019	1
150316	30101	1
150316	1031458	1
150316	1031581	1
150316	1032877	1
150317	1701	1
150317	2186	1
150317	1033418	2
150317	1035170	1
150317	1041397	1
150363	3497	1
150363	1038992	1
150363	1039349	1
150363	1039374	1
150363	1039414	1
150363	1039448	1
150410	1559	1
150410	1560	1
150410	3732	1
150410	29440	1
150472	3423	1
150472	28017	1
150472	28018	1
150472	1036738	1
150472	1037563	1
150472	1042345	1
150472	1042347	1
150497	1073	1
150497	1617	1
150497	3614	1
150497	26120	1
150497	26122	1
150497	26123	1
150497	26222	1
150497	27426	1
150497	1031437	1
150497	1032692	1
150497	1035030	1
150513	160	1
150513	848	1
150513	920	1
150513	2751	1
150513	3723	1
150513	3995	2
150513	4116	3
150513	4360	1
150513	1033822	1
150513	1034468	1
150513	1034625	1
150513	1035085	1
150513	1035183	3
150513	1035416	1
150513	1035447	1
150513	1035450	2
150513	1035529	1
150513	1038248	1
150513	1038439	1
150513	1039956	2
150743	2226	1
150743	4238	1
150743	4351	1
150743	1034189	1
150874	1142	1
150874	3988	1
150874	28456	2
150874	30263	1
150874	1033310	1
150956	303	1
150956	724	1
150956	26121	1
150956	1036728	1
150956	1041470	1
150956	1041621	1
150956	1042935	1
151094	1778	1
151094	2640	1
151094	2642	1
151094	30103	1
151094	1036738	1
151094	1038431	1
151098	73	1
151098	144	1
151098	3760	1
151098	28607	1
151098	1031107	1
151098	1031119	1
151098	1032409	2
151098	1035325	1
151102	1038729	1
151102	1038731	1
151102	1038732	1
151102	1038733	1
151128	385	1
151128	924	1
151128	2399	1
151128	2400	1
151128	3122	1
151128	3124	1
151128	3768	1
151128	3770	1
151128	3771	1
151128	25943	1
151128	25951	1
151335	4217	1
151335	4219	1
151335	1034603	1
151335	1036430	1
151335	1041301	1
151335	1041668	1
151529	315	1
151529	1750	1
151529	2151	2
151529	3519	1
151529	3520	2
151529	3771	1
151852	926	1
151852	1287	1
151852	1430	1
151852	1855	1
151852	2181	1
151852	3690	1
151852	3691	1
151852	3864	1
151852	4159	1
151852	26682	1
151852	26698	1
151852	30172	1
151852	1032443	1
151852	1034396	1
151852	1034409	1
151852	1034433	1
152091	112	1
152091	25939	1
152091	28264	1
152091	28265	1
152381	1035416	2
152381	1035447	1
152381	1035448	2
152381	1035450	2
152624	742	1
152624	2298	1
152624	3864	2
152624	4090	1
152624	30296	1
152659	926	1
152659	1946	1
152659	27516	1
152659	29479	1
152659	29890	1
152659	29901	1
152659	1033485	1
152659	1039975	1
152831	197	1
152831	868	1
152831	27425	1
152831	28502	1
152952	4264	1
152952	1032760	1
152952	1033647	1
152952	1034506	1
152952	1036244	1
152952	1038659	1
152952	149000000674	1
153025	38	1
153025	1832	1
153025	3438	1
153025	3541	1
153025	4507	1
153041	1559	1
153041	1560	2
153041	1561	2
153227	862	1
153227	2072	1
153227	2073	1
153227	1033017	1
153266	377	1
153266	466	1
153266	1489	1
153266	2831	1
153266	3255	1
153266	3734	1
153266	26711	1
153266	26730	1
153266	29883	1
153266	1032191	1
153266	1033436	2
153266	1033982	1
153266	1034510	1
153266	1035129	1
153266	1038780	1
153266	1041498	2
153307	1031458	1
153307	1031463	1
153307	1031479	1
153307	1031494	1
153323	511	1
153323	632	1
153323	842	1
153323	2266	1
153323	2932	1
153401	4018	2
153401	4306	2
153663	252	2
153663	1369	1
153663	3019	1
153663	3119	1
153663	4239	1
153663	1035509	1
153663	1037473	1
153663	1040412	1
153696	580	1
153696	606	1
153696	2592	1
153696	1034722	1
153696	1036974	1
153832	1559	2
153832	1031806	1
153832	1035447	2
1471579	112	1
1471579	120	1
1471579	578	1
1471579	626	1
1471579	2355	1
1471579	2894	1
1471579	3046	1
1471579	26120	1
1471579	29382	1
1471579	29404	1
1826714	194	1
1826714	1897	1
1826714	2625	1
1826714	3148	1
1826714	4024	1
2259563	969	2
2259563	972	1
2259563	3323	1
2259665	3682	1
2259665	4301	1
2259665	30141	1
2259665	1031935	1
2259665	1036745	1
2259665	1036756	1
2259665	1037578	1
2259665	149000000530	1
2612245	381	1
2612245	2293	1
2612245	4523	1
2612245	4524	1
2780856	303	2
2780856	1035569	2
3013594	212	1
3013594	606	1
3013594	2829	1
3013594	3993	1
3013594	4519	1
3158316	1561	2
3158316	28343	1
3158316	30205	1
3158316	1032879	1
3461855	3344	1
3461855	4226	1
3461855	26160	1
3461855	29008	1
4034134	607	1
4034134	2650	1
4034134	2921	1
4034134	4450	1
4034134	4535	2
4244947	632	1
4244947	1823	1
4244947	1946	1
4244947	2226	1
4244947	4035	1
4244947	4259	1
4244947	4261	1
4244947	1030383	1
4561781	2269	1
4561781	2624	1
4561781	1039170	2
4916747	2305	1
4916747	4272	1
4916747	29163	3
4916747	1034546	3
5066273	508	1
5066273	1023	1
5066273	1997	1
5066273	2152	1
5066273	3678	1
5700943	590	3
5700943	1033485	1
5700943	1038318	1
5700943	1040447	1
5700943	1041503	1
5700943	1042075	1
5707572	1560	2
5707572	1561	1
5707572	3830	1
5707572	1032879	3
5749094	1201	1
5749094	2050	1
5749094	2306	1
5749094	3339	1
5749094	3495	1
5749094	3587	1
5749094	4093	1
5749094	27590	1
6151555	30169	1
6151555	1033070	1
6151555	1035464	1
6151555	1035470	1
6151555	1039032	1
6446820	288	1
6446820	1559	2
6446820	1561	1
6446820	30205	2
6446820	1031164	3
6446820	1032839	1
6446820	1032879	2
6446820	1035629	1
6524346	377	1
6524346	1559	2
6524346	1561	3
6524346	1032879	1
6524346	1038652	1
6817077	483	1
6817077	1994	1
6817077	3602	1
6817077	28502	1
6817077	1030884	1
6817077	1035416	1
6817077	1035448	1
7040497	1559	1
7040497	1560	1
7040497	1823	2
7079912	201	4
7079912	1512	1
7079912	1517	1
7079912	3881	1
7079912	26578	1
7079912	27589	1
7079912	29768	1
7079912	1031782	1
7079912	1037819	1
7217100	2640	1
7217100	3181	1
7217100	4346	1
7217100	4347	1
7217100	28515	1
7250918	1832	1
7250918	30128	1
7250918	1032440	1
7250918	1035077	1
7250918	1035153	1
7437713	250	1
7437713	1032905	2
7437713	1034316	1
7437713	1035892	1
7437713	1035909	1
7437713	1036751	1
7437713	1036758	2
7437713	1038565	1
7841954	3348	1
7841954	4083	1
7841954	4096	3
7930466	1853	4
8607450	1441	1
8607450	1030884	1
8607450	1036178	1
8607450	1037799	1
8612239	791	1
8612239	3271	4
8612239	3519	2
8887165	3046	1
8887165	4150	1
8887165	28263	1
8887165	29927	1
8887165	30743	1
8887165	1032631	1
9134423	922	1
9134423	1856	1
9134423	3995	1
9134423	26759	1
9134423	1034528	1
9134423	1040182	3
9134423	1042848	1
9213428	2213	1
9213428	3957	1
9213428	3995	1
9213428	27947	1
9213428	1030833	1
9213428	1033626	1
9213428	1040340	1
9213428	1042698	1
9213428	149000000515	1
9294213	2272	1
9294213	4238	1
9294213	26926	1
9294213	30613	1
9294213	30614	1
9294213	1030884	2
9294213	1033553	1
9294213	1040418	1
9300962	580	1
9300962	2695	1
9300962	26121	1
9300962	29977	1
9333087	1559	3
9333087	1561	2
9333087	1823	1
9376919	986	1
9376919	1781	1
9376919	3046	1
9376919	26088	1
9376919	1030837	2
9376919	1030838	2
9376919	1034359	2
9376919	1037534	1
9446374	3903	1
9446374	30205	2
9446374	1039037	1
9457300	1561	2
9457300	1823	2
9468390	2217	1
9468390	1030676	2
9468390	1033036	1
9472636	4116	2
9472636	4117	1
9472636	26638	1
9472636	26640	1
9550703	1559	3
9550703	1560	1
9550703	1561	1
9550703	30205	1
9550703	1032877	1
9550703	1032878	1
9550703	1037561	1
9550703	1037564	1
9596080	1559	1
9596080	1560	1
9596080	1561	1
9596080	1037807	1
9599471	1559	1
9599471	1560	1
9599471	1561	1
9599471	1990	1
9599471	1040591	1
9625080	1559	1
9625080	1560	1
9625080	1561	1
9625080	3830	1
9634757	1559	1
9634757	1560	1
9634757	1561	1
9634757	1823	1
9661971	1559	4
9661971	1560	4
9661971	1561	4
9661971	1823	1
9708709	1559	1
9708709	1560	1
9708709	1561	1
9708709	4525	1
9708709	26135	1
9708709	26482	1
9708709	28608	1
9708709	1041911	1
9761812	1559	2
9761812	1560	2
9761812	1561	4
9761812	3995	1
9761812	30205	1
9761812	1032879	3
9761812	1033610	1
9761812	1036454	1
9761812	1037850	1
9761812	1038652	1
9761812	149000000476	1
9802093	1561	4
9802093	1617	1
9802093	1823	1
9802093	1032839	1
9802093	1032879	1
9870583	1559	1
9870583	1823	2
9870583	3830	1
9871876	1823	1
9871876	2620	1
9871876	3019	1
9871876	3712	2
9871876	1038652	1
9871876	1042706	1
9922485	1561	4
9928121	1823	1
9928121	4419	2
9928121	1034721	1
9928121	1035033	1
10101616	1561	1
10101616	1823	4
10101616	1037786	1
10101616	1037838	1
10101616	1037850	1
10180681	1559	1
10180681	1823	2
10180681	1032839	1
10180681	1032879	1
10185093	649	1
10185093	1560	2
10185093	1823	2
10185093	4230	1
10185093	1032878	1
10185093	1032879	1
10185093	1036739	1
10185093	1037412	1
10190403	1559	2
10190403	1032839	1
10190403	1032879	2
10203571	1559	1
10203571	1560	2
10203571	1561	1
10203571	1823	1
10203571	1032877	1
10203571	1032879	1
10272795	1823	1
10272795	28624	2
10272795	1030676	1
10272795	1034506	2
10272795	149000000909	1
10281498	252	1
10281498	441	1
10281498	4543	1
10281498	30315	1
10281498	1030533	1
10281498	1033095	1
10281498	1035242	1
10281498	1036981	2
10281498	1038995	1
10309839	1369	1
10309839	28831	1
10309839	1037855	1
10309839	1038780	1
10313431	144	1
10313431	4004	1
10313431	4257	1
10313431	1041306	1
10494847	3019	5
10494847	4450	1
10521756	1559	1
10521756	1560	1
10521756	1561	1
10521756	1823	2
10548879	1047	1
10548879	1988	1
10548879	29877	1
10548879	1030652	1
10548879	1032646	1
10561400	341	1
10561400	376	1
10561400	607	1
10561400	2623	1
10561400	2624	1
10561400	1030675	1
10561400	1030676	1
10588513	1559	1
10588513	1561	1
10588513	1897	1
10588513	30205	1
10588513	1032879	1
10619893	1559	2
10619893	1560	1
10619893	1561	1
10619893	1823	3
10619893	1032839	1
10619893	1032877	1
10619893	1032879	1
10638361	1560	1
10638361	3830	1
10638361	1032877	2
10643202	1559	2
10643202	1560	2
10643202	1823	1
10665972	1559	1
10665972	1560	1
10665972	1823	1
10665972	1032879	1
10714084	377	1
10714084	2628	1
10714084	4201	1
10714084	4228	1
10714084	1035227	1
10729004	1559	1
10729004	1823	1
10729004	30205	1
10729004	1030676	1
10729004	1032877	1
10729004	1036454	1
10729004	1036658	1
10871719	326	2
10871719	1559	1
10871719	1560	1
10871719	1032877	1
10872443	1559	2
10872443	1560	2
10872443	1823	1
10876915	1559	3
10876915	1560	1
10876915	1032839	1
10876915	1032877	1
10885028	1559	2
10885028	1560	3
10885028	1823	1
10885028	1032879	1
11090332	264	1
11090332	632	1
11090332	1143	1
11090332	3273	1
11090332	3604	1
11090332	1031436	1
11090332	1035183	1
11140776	3995	1
11140776	4182	1
11140776	1030552	1
11140776	1031107	1
11140776	1031160	1
11162380	1559	1
11162380	1560	1
11162380	1561	2
11162380	1032879	2
11164237	2248	1
11164237	3019	1
11164237	1031454	1
11164237	1031466	1
11164237	1031483	2
11176224	553	1
11176224	1220	1
11176224	1838	1
11176224	4288	1
11192346	147	1
11192346	3495	1
11192346	3497	1
11192346	1038420	1
11192346	1039080	1
11192346	1039369	1
11192346	1039568	1
11205996	607	1
11205996	986	1
11205996	1644	1
11205996	4299	1
11205996	4312	1
11205996	1034409	1
11205996	1034772	1
11205996	1036169	1
11232557	1559	1
11232557	1561	1
11232557	1823	2
11232557	1032879	1
11339481	315	1
11339481	2408	1
11339481	29048	1
11339481	30329	1
11342444	1560	3
11342444	1561	1
11342444	1032877	1
11362052	201	1
11362052	4360	1
11362052	1033247	1
11362052	1035448	2
11362052	1036319	1
11647742	28018	1
11647742	29991	1
11647742	1037576	1
11647742	1037577	1
11647742	1037587	1
11680935	1617	3
11680935	1823	1
11680935	1031664	1
11680935	1032877	1
11680935	1036741	1
11746946	1559	1
11746946	1561	1
11746946	1823	1
11746946	1032879	1
11785671	2302	1
11785671	3765	1
11785671	4233	1
11785671	4538	1
11785671	1035508	1
11785671	1039034	1
11860399	1559	1
11860399	1560	2
11860399	1561	1
11860399	1030387	1
11860399	1030395	1
11860399	1032877	1
11860399	1036188	1
11860399	1036430	1
11860399	1042143	1
11881555	605	1
11881555	27040	1
11881555	1032659	1
11881555	1034762	1
11881555	1042706	1
11889054	1560	1
11889054	1561	1
11889054	1823	1
11889054	1032877	1
11943083	1561	1
11943083	3830	1
11943083	4264	1
11943083	25855	1
11943083	1032879	1
12036797	303	1
12036797	28264	1
12036797	28265	1
12036797	28835	1
12036797	1030884	1
12036797	1031449	1
12036797	1033036	1
12036797	1035598	1
12041956	1559	3
12041956	1560	2
12041956	1561	1
12041956	1823	1
12124349	1559	1
12124349	1560	1
12124349	1561	1
12124349	30141	1
12248708	147	1
12248708	1560	1
12248708	1823	2
12248708	3713	1
12248708	30205	1
12248708	1032839	1
12248708	1043105	1
12267704	1823	1
12267704	1032879	1
12267704	1036728	1
12267704	1037473	1
12374228	1559	2
12374228	1560	2
12374228	3830	1
12374228	30212	1
12374228	1032839	1
12374228	1032877	1
12374228	1032879	1
12374228	1035827	1
12630366	160	1
12630366	288	2
12630366	1559	1
12630366	1560	1
12630366	1561	2
12630366	1617	1
12630366	1823	3
12630366	2625	1
12630366	3148	1
12630366	3347	1
12630366	30101	1
12630366	30160	1
12630366	1030784	1
12630366	1031490	1
12630366	1032877	1
12630366	1033467	1
12630366	1034382	1
12630366	1035163	1
12630366	1035304	1
12630366	1035508	1
12630366	1037563	1
12630366	1038652	1
12630366	1041301	1
12630366	1041498	1
12630366	1042345	1
12630366	1042699	1
12662970	1823	1
12662970	3830	1
12662970	30205	1
12662970	1032879	1
12662970	1034562	1
12664890	28819	1
12664890	1035128	1
12664890	1040093	1
12664890	149000000530	1
12664890	149000000534	1
12664890	149000000538	1
12664890	149000000540	1
12711778	115	1
12711778	1823	2
12711778	1040418	1
12711778	1042671	1
12739536	1559	1
12739536	1560	1
12739536	3830	1
12739536	30205	1
12739536	1032878	1
12739536	1032879	1
12856406	2607	1
12856406	25750	1
12856406	25753	1
12856406	1030508	1
12856406	1033028	1
12862698	1559	1
12862698	1561	1
12862698	1753	1
12862698	1758	1
12862698	2641	1
12862698	149000000548	1
12886382	1559	1
12886382	1561	1
12886382	1823	1
12886382	1032879	2
12972535	320	4
12972535	1038388	1
13099676	1559	2
13099676	1823	1
13099676	1032879	1
13103419	223	1
13103419	1559	3
13103419	1560	3
13103419	1561	1
13103419	1033468	1
13103419	1035109	1
13103419	1038628	1
13103419	1039086	1
13197991	899	1
13197991	1560	1
13197991	1561	2
13197991	2642	1
13197991	4349	1
13197991	26109	2
13197991	27425	1
13197991	1032877	1
13197991	1032879	1
13197991	1033749	1
13246710	809	1
13246710	1559	2
13246710	1561	2
13246710	1823	1
13246710	1032879	1
13252578	3830	2
13252578	30205	2
13252578	1034382	1
13439515	168	1
13439515	315	1
13439515	1369	1
13439515	1559	1
13439515	1560	1
13439515	1617	1
13439515	1823	2
13439515	2896	2
13439515	3276	1
13439515	3277	1
13439515	4168	1
13439515	4200	1
13439515	26697	1
13439515	30205	3
13439515	1030387	1
13439515	1030391	1
13439515	1030884	1
13439515	1031568	1
13439515	1032877	1
13439515	1032879	1
13439515	1033419	1
13439515	1034784	1
13439515	1035507	1
13439515	1035510	1
13439515	1036430	1
13439515	1036661	1
13439515	1036741	1
13439515	1041480	4
13439515	1041484	1
13439515	1042269	1
13439515	149000001435	1
13463479	4257	1
13463479	4258	1
13463479	4259	1
13463479	4260	1
13463479	4261	2
13463479	26188	2
13463479	30263	1
13463479	1030884	1
13463479	1036546	2
13463479	1039034	1
13607930	604	1
13607930	1441	1
13607930	1442	1
13607930	1617	1
13607930	2597	2
13607930	3326	4
13607930	3428	1
13607930	3871	1
13607930	4182	1
13607930	4266	1
13607930	26123	1
13607930	26170	1
13607930	29332	1
13607930	29986	1
13607930	30141	1
13607930	30227	1
13607930	1031362	1
13607930	1031603	1
13607930	1032727	1
13607930	1032877	1
13607930	1033017	1
13607930	1033626	1
13607930	1033900	1
13607930	1034382	1
13607930	1035510	1
13607930	1036440	1
13607930	1036441	1
13607930	1036446	1
13607930	1037396	1
13607930	1037412	2
13607930	1037910	1
13607930	1038200	1
13607930	1041443	1
13607930	1041498	1
13607930	149000000499	1
13699927	197	1
13699927	3502	1
13699927	3864	1
13699927	30141	1
13699927	1034528	1
13768615	1559	1
13768615	1560	1
13768615	3830	1
13768615	1032877	1
13768615	1032879	1
13770240	1561	2
13770240	1032879	2
13832127	1851	1
13832127	3676	1
13832127	4198	1
13832127	27425	1
13832127	1034394	1
13832127	1034475	1
13832127	1034776	1
13832127	1038652	1
13891944	2248	4
13891944	1032878	1
13907208	2935	1
13907208	26853	1
13907208	26887	1
13907208	28512	1
13937368	28456	1
13937368	1033822	1
13937368	1035160	1
13937368	1036756	1
13937368	1036758	1
13937368	1042143	1
13937368	149000000538	1
13937368	149000000672	1
13945877	1747	1
13945877	3678	1
13945877	4039	1
13945877	29685	1
13993404	26120	1
13993404	26122	1
13993404	26123	1
13993404	26666	1
14157637	1559	2
14157637	1560	2
14199820	1109	1
14199820	2625	1
14199820	2628	1
14199820	4228	1
14199820	1034565	1
14199820	1040102	1
14277355	1559	1
14277355	1560	1
14277355	1823	2
14277355	1032315	1
14277355	1032877	1
14277355	1034031	1
14332568	1617	1
14332568	1823	1
14332568	1032879	1
14332568	1033036	1
14574274	1559	2
14574274	1560	2
14574274	3830	1
14574274	1032877	1
14574274	1032879	1
14622351	3348	1
14622351	28820	1
14622351	28821	1
14622351	28822	1
14622351	1032443	1
14636078	1559	3
14636078	1560	2
14636078	1823	1
14684067	1559	2
14684067	1560	2
14684067	1823	1
14684067	3496	1
14684067	1031782	1
14684067	1032879	1
14684067	1033553	1
14684067	1034981	1
14684067	1036588	1
14684067	1036923	1
14684067	1037239	1
14684067	1038170	1
14684067	1038730	1
14845319	1559	1
14845319	1560	1
14845319	1561	1
14845319	30205	1
14845319	1032839	1
14853065	3625	1
14853065	1031644	1
14853065	1032620	1
14853065	1032659	1
14853065	1032661	1
14860785	2626	1
14860785	2629	1
14860785	2631	1
14860785	3277	1
14860785	26695	1
14860785	29087	1
14860785	30150	1
14860785	30265	1
14860785	1031465	1
14860785	1037653	1
14860785	1038625	1
14946773	68	1
14946773	288	1
14946773	1092	1
14946773	1034316	1
14963819	986	1
14963819	3326	1
14963819	1030884	1
14963819	1033028	1
14963819	1035923	1
15055360	28560	1
15055360	28713	1
15055360	29607	1
15055360	29619	1
15055360	1031802	1
15065719	1561	1
15065719	1823	2
15065719	30205	1
15065719	1032879	2
15136829	1561	2
15136829	1823	2
15147095	1823	1
15147095	1032839	1
15147095	1032877	2
15147095	1040368	1
15163670	1559	3
15163670	1560	6
15163670	3830	3
15163670	1032877	1
15163670	1032879	1
15252866	469	1
15252866	4274	1
15252866	4277	1
15252866	26163	1
15252866	1034628	1
15252866	1035109	1
15252866	1038138	1
15252866	1042646	1
15252866	149000000530	1
15252866	149000000741	1
15327622	150	1
15327622	225	1
15327622	383	1
15327622	605	1
15327622	1617	1
15327622	2767	1
15327622	2861	1
15327622	3119	1
15327622	3366	1
15327622	3422	1
15327622	3599	1
15327622	3607	1
15327622	3683	4
15327622	3732	1
15327622	3743	1
15327622	4180	1
15327622	4215	1
15327622	4219	1
15327622	4268	1
15327622	4419	1
15327622	26113	1
15327622	26160	1
15327622	27716	1
15327622	27844	1
15327622	29502	1
15327622	29907	1
15327622	1030536	1
15327622	1030968	2
15327622	1031761	2
15327622	1032585	1
15327622	1034091	1
15327622	1034412	1
15327622	1034449	1
15327622	1036811	1
15327622	1036972	1
15327622	1037764	1
15327622	1040625	1
15327622	1043124	1
15327622	149000000457	1
15327622	149000000715	1
15350292	1033463	1
15350292	1034590	1
15350292	1034591	1
15350292	1035629	1
15446594	201	1
15446594	317	1
15446594	2302	1
15446594	3339	1
15446594	3971	1
15446594	4201	1
15446594	27843	1
15446594	28820	1
15446594	28822	1
15446594	1030884	1
15446594	1031209	1
15446594	1032340	1
15446594	1032377	1
15446594	1032712	1
15446594	1033036	1
15446594	1034629	1
15552794	423	1
15552794	497	1
15552794	508	1
15552794	1836	1
15552794	2798	1
15552794	3597	1
15552794	3864	1
15552794	4108	1
15552794	4121	1
15552794	4286	1
15552794	4289	1
15552794	4361	1
15552794	4418	1
15552794	26226	1
15552794	28854	2
15552794	30227	1
15552794	1031066	1
15552794	1031800	1
15552794	1032657	1
15552794	1032658	1
15552794	1034757	1
15552794	1035927	1
15552794	1038210	1
15552794	1038313	1
15552794	1040890	1
15552794	1041833	1
15576684	1561	1
15576684	1617	1
15576684	2470	1
15576684	2653	1
15576684	3019	2
15576684	3864	2
15576684	4316	1
15576684	4317	1
15576684	30205	1
15732978	1560	1
15732978	1823	1
15732978	30205	1
15732978	1032877	1
15737099	201	1
15737099	483	1
15737099	1109	1
15737099	1559	2
15737099	1560	5
15737099	1617	2
15737099	1823	4
15737099	2113	1
15737099	3348	1
15737099	3353	1
15737099	4051	1
15737099	29989	1
15737099	1035153	1
15737099	1035447	1
15737099	1042079	1
15818192	1559	2
15818192	1560	2
15818192	3830	1
15906204	2659	1
15906204	4201	1
15906204	26726	1
15906204	28820	1
15906204	1032374	1
15906204	1033243	1
15927832	252	1
15927832	333	1
15927832	334	1
15927832	1368	1
15953563	1857	1
15953563	2272	1
15953563	4227	3
15953563	4231	1
15953563	1030884	1
15953563	1031164	2
15953563	1033017	1
15953563	1033028	1
15953563	1033036	1
15953563	1033418	1
15953563	1035977	2
15953563	1036749	1
15953563	1039194	1
15953563	1041621	1
15953563	1042662	1
16014359	1559	1
16014359	1561	1
16014359	1823	2
16039063	1560	1
16039063	1561	1
16039063	3708	1
16039063	1032879	1
16164242	1559	1
16164242	1561	1
16164242	1032877	1
16164242	1032879	1
16267576	1559	1
16267576	1560	1
16267576	1561	1
16267576	1032879	1
16279315	4371	1
16279315	29152	1
16279315	1032025	1
16279315	1033310	1
16286591	1559	1
16286591	3969	1
16286591	1032877	1
16286591	1034382	1
16310841	1559	1
16310841	1560	1
16310841	1561	1
16310841	29551	1
16310841	1031780	1
16310841	1031794	1
16310841	1031798	1
16310841	1032218	1
16310841	1032877	1
16310841	1032879	3
16310841	1033843	1
16310841	1035213	1
16310841	1035625	1
16325070	3696	1
16325070	3745	1
16325070	4259	1
16325070	28246	1
16325070	29241	1
16325070	30128	1
16325070	30215	1
16325070	1033245	1
16325070	1033246	1
16325070	1035905	1
16325070	1038360	1
16368496	4041	4
16398603	29896	1
16398603	29898	1
16398603	1030678	1
16398603	1037044	1
16484811	1559	3
16484811	1561	3
16484811	1032879	1
16538684	201	1
16538684	841	1
16538684	2269	1
16538684	2270	1
16624564	605	1
16624564	1198	1
16624564	4535	1
16624564	26724	1
16624564	1031613	1
16624564	1036736	1
16624564	1039170	1
16629714	1559	1
16629714	1823	2
16629714	3830	1
16685064	1198	1
16685064	2893	1
16685064	3771	2
16685064	1033618	1
16727514	211	1
16727514	303	1
16727514	580	1
16727514	606	1
16727514	877	1
16727514	3995	1
16727514	1030676	1
16779959	1560	4
16779959	1561	2
16779959	1823	2
16779959	3830	1
16779959	1032879	1
17078352	1559	4
17078352	1560	4
17078352	1823	1
17078352	3830	1
17098458	3624	1
17098458	4174	2
17098458	28456	2
17137432	26122	1
17137432	1031477	1
17137432	1032212	1
17137432	1032760	1
17137432	1036753	1
17137432	1037306	1
17230884	1561	1
17230884	1854	2
17230884	1856	1
17230884	3830	2
17230884	29081	4
17230884	1031542	1
17230884	1033875	1
17230884	1033877	1
17230884	1034791	1
17230884	1038850	1
17230884	1039240	1
17230884	1041443	2
17230884	1042847	1
17230884	149000000687	1
17230884	149000001090	1
17261467	1561	1
17261467	1823	2
17261467	30205	1
17261467	1032879	1
17286108	498	1
17286108	541	1
17286108	1031672	1
17286108	1034784	1
17286108	1036172	1
17286108	1036548	1
17299952	1032438	1
17299952	1032440	1
17299952	1032442	2
17404292	1779	1
17404292	28854	1
17404292	1036762	1
17404292	1037470	1
17568250	388	1
17568250	4227	2
17568250	27584	1
17568250	1031164	1
17568250	1031774	1
17568250	1032822	1
17568250	1033463	1
17568250	1037910	1
17579941	1033822	1
17579941	1035569	1
17579941	1036181	1
17579941	1039037	1
17800665	1848	1
17800665	3019	1
17800665	1034801	1
17800665	1034836	1
17863416	1559	1
17863416	1560	2
17863416	1561	1
18087576	1559	1
18087576	3326	1
18087576	1032879	1
18087576	1033070	1
18087576	1034644	1
18087576	1041660	1
18147998	1560	1
18147998	1561	1
18147998	1823	1
18147998	4200	1
18147998	1032877	1
18147998	1032879	1
18219722	1559	1
18219722	1560	2
18219722	1823	1
18560631	1559	2
18560631	3086	1
18560631	30338	1
18560631	1033822	1
18625839	147	1
18625839	3495	1
18625839	3496	1
18625839	1033468	1
18625839	1040168	1
18807814	73	1
18807814	1032443	1
18807814	1035387	1
18807814	1037758	1
18839371	1559	1
18839371	1560	1
18839371	1032879	1
18839371	1033028	1
18998334	1617	1
18998334	3769	1
18998334	1032440	1
18998334	1035569	1
18998334	149000000684	1
19046822	1559	1
19046822	1560	1
19046822	30205	1
19046822	1032879	1
19100079	2883	1
19100079	4481	1
19100079	4491	1
19100079	4492	1
19100079	29644	1
19100079	1034647	1
19130548	1561	1
19130548	1823	1
19130548	1032879	2
19412025	289	1
19412025	1508	1
19412025	3019	2
19412025	3835	1
19412025	26693	1
19412025	1030654	1
19412025	1030676	1
19412025	1030791	1
19412025	1033036	1
19412025	1034316	1
19412025	1034455	1
19412025	1034612	1
19412025	1034698	1
19412025	1035508	1
19478212	73	1
19478212	3019	1
19478212	27640	1
19478212	1030833	1
19478212	1031784	1
19478212	1034138	1
19478212	1034425	1
19478212	1034776	1
19478212	1035827	1
19478212	1036175	1
19596547	4170	1
19596547	4171	1
19596547	29072	1
19596547	1031455	1
19682346	26643	1
19682346	1030468	1
19682346	1034472	1
19682346	149000000849	1
19732228	1559	2
19732228	1560	1
19732228	1561	1
19732228	2642	1
19858433	626	1
19858433	3019	2
19858433	4450	1
19858433	1041582	1
20410398	1559	1
20410398	1560	1
20410398	1561	4
20410398	30214	1
20410398	1032879	4
20410398	1037577	1
20413744	1559	1
20413744	1561	1
20413744	1823	1
20413744	2621	1
20413744	2628	2
20413744	2635	1
20413744	2636	1
20413744	2644	1
20413744	2650	1
20413744	2651	1
20413744	2657	1
20413744	1032879	1
20413744	1035569	1
20539825	324	1
20539825	3830	2
20539825	1032879	2
20542993	508	1
20542993	1234	1
20542993	2643	1
20542993	1034702	1
20542993	1035569	1
20722346	288	1
20722346	1365	1
20722346	2810	1
20722346	27511	1
20722346	30150	1
20722346	1031016	1
20722346	1031061	1
20722346	1031063	1
20722346	1032868	1
20722346	1033168	2
20722346	1033822	1
20722346	1034590	1
20722346	1035569	1
20722346	1036658	1
20722346	1038397	1
20722346	1038400	1
20722346	1038411	1
20722346	1038412	1
20722346	1038413	1
20722346	1038564	2
20722346	1038590	1
20722346	1038812	1
20722346	1039956	3
20722346	1041165	1
20722346	1041379	2
20722346	1042268	1
20831313	1433	1
20831313	3354	1
20831313	1030676	1
20831313	1032750	1
20831313	1033168	1
20831313	1034047	1
20831313	1034049	1
20831313	1034562	1
20849908	1584	1
20849908	1031285	1
20849908	1033168	2
20849908	1034382	1
20849908	1036268	2
20849908	1041503	1
20938269	1823	1
20938269	4535	2
20938269	29898	1
20938269	1030534	1
20938269	1032877	1
20938269	1034636	1
20948524	1559	3
20948524	1561	2
20948524	1823	1
20948524	1032879	1
21112775	25943	1
21112775	26581	1
21112775	29685	1
21112775	1032646	1
21115088	1623	1
21115088	4328	1
21115088	1032905	1
21115088	1038595	1
21115088	1038601	1
21117598	294	1
21117598	1837	1
21117598	1838	1
21117598	25943	1
21159298	742	1
21159298	3282	1
21159298	1031107	1
21159298	1032905	1
21159298	1034005	1
21159298	1034123	1
21159298	1034757	1
21211612	252	1
21211612	1369	3
21211612	4367	1
21314884	1559	1
21314884	1560	2
21314884	1561	1
21314884	30205	3
21314884	1032879	1
21371302	1561	1
21371302	1823	1
21371302	3275	1
21371302	3497	1
21398666	4298	1
21398666	29888	1
21398666	1033822	1
21398666	1034609	1
21398666	1035557	1
21398666	1036451	1
21398666	1036923	1
21398666	1037520	1
21398666	1037525	1
21398666	1037530	1
21398666	1037531	1
21398666	1038170	1
21398666	1039034	1
21398666	1040368	1
21398666	149000000674	1
21449431	1559	2
21449431	1823	1
21449431	149000000574	1
21502253	30205	1
21502253	1032878	3
21507957	1034680	2
21507957	1037010	1
21507957	1038049	1
21507957	1038652	1
21511794	1559	1
21511794	3830	2
21511794	1032877	1
21521085	29967	1
21521085	1034526	1
21521085	1034604	1
21521085	1034607	1
21526334	1559	1
21526334	1560	1
21526334	1823	2
21558524	3988	1
21558524	1033822	1
21558524	1034776	1
21558524	1035629	1
21660142	2159	1
21660142	1032831	1
21660142	1035630	2
21783099	4533	1
21783099	28713	1
21783099	1034316	1
21783099	1034317	1
21815049	1823	1
21815049	3830	1
21815049	30205	2
21815049	1032877	1
21815049	1032879	3
21838656	742	1
21838656	1109	1
21838656	2657	1
21838656	3765	1
21838656	30141	1
21838656	1031107	1
21838656	1031164	1
21838656	1036430	1
21838656	1037224	1
21838656	1037541	1
21838656	1038250	1
21838656	1038429	1
21838656	1038652	1
22086084	303	1
22086084	522	1
22086084	742	1
22086084	2638	1
22086084	2973	2
22086084	3262	1
22086084	3353	1
22086084	3708	1
22086084	3713	1
22086084	3864	3
22086084	4005	1
22086084	27640	1
22086084	28345	1
22086084	28713	1
22086084	29069	1
22086084	30315	1
22086084	30599	1
22086084	1031536	1
22086084	1031539	1
22086084	1031541	1
22086084	1033315	1
22086084	1033749	1
22086084	1034091	1
22086084	1034100	1
22086084	1034317	1
22086084	1034949	1
22086084	1035028	1
22086084	1035625	1
22086084	1036145	1
22086084	1036542	1
22086084	1037010	1
22086084	1037412	1
22086084	1037594	1
22086084	1037602	1
22086084	1037819	1
22086084	1037847	1
22086084	1037852	1
22086084	1038584	1
22086084	1038590	1
22086084	1042741	1
22086084	149000000623	1
22086084	149000000746	1
22086084	149000000859	1
22086084	149000000909	1
22086084	149000000912	1
22086084	149000001045	1
22221357	1033244	1
22221357	1033647	1
22221357	1035153	1
22221357	1038652	1
22237480	3277	1
22237480	26031	1
22237480	26223	1
22237480	28246	1
22237480	1035160	1
22237480	1035450	1
22237480	1035529	1
22237480	1039032	1
22245296	1826	1
22245296	1827	1
22245296	3746	1
22245296	26696	1
22338963	1617	1
22338963	29896	1
22338963	1030536	1
22338963	1031439	1
22338963	1034191	1
22338963	1034506	1
22413171	1441	1
22413171	2628	1
22413171	2645	1
22413171	3696	1
22413171	3699	1
22413171	26223	1
22413171	1035629	2
22445743	1584	1
22445743	1644	1
22445743	1033900	1
22445743	1034012	1
22445743	1037699	1
22445743	1038235	1
22534251	853	1
22534251	877	1
22534251	1035448	2
22582550	2269	1
22582550	2270	1
22582550	1032438	1
22582550	1033241	1
22598043	2870	1
22598043	1030837	1
22598043	1034583	1
22598043	1035853	1
22614619	1560	2
22614619	1561	3
22623514	4261	1
22623514	1033239	1
22623514	1033241	1
22623514	1034670	1
22664365	1031644	1
22664365	1033264	1
22664365	1034394	1
22664365	1043003	1
22673607	1946	3
22673607	26223	1
22673607	1033822	2
22673607	1036451	1
22878259	755	1
22878259	985	1
22878259	1287	1
22878259	3771	1
22878259	29904	1
22914876	1143	1
22914876	1748	1
22914876	1030791	1
22914876	1032627	1
22914876	1034592	1
22917165	1559	3
22917165	1560	3
22917165	1561	1
22928170	1602	5
22928170	1035977	1
22961554	78	1
22961554	29927	1
22961554	1032438	1
22961554	1032440	1
23017753	76	1
23017753	3952	1
23017753	4045	1
23017753	1037463	1
23023098	2932	1
23023098	30746	1
23023098	1033168	4
23023098	1038235	1
23043874	1559	2
23043874	1560	1
23043874	1032878	1
23064467	1031761	1
23064467	1034913	1
23064467	1037533	1
23064467	1037594	1
23069090	1823	2
23069090	1032877	2
23069287	4227	1
23069287	4409	1
23069287	26121	1
23069287	26123	1
23069287	29967	1
23069287	1033474	1
23069287	1034913	1
23069287	1039381	1
23121642	1853	1
23121642	3996	1
23121642	4298	1
23121642	28206	1
23121642	1032438	1
23121642	1034611	1
23121642	1035569	1
23121642	1036172	1
23121642	1038155	1
23121642	1038273	1
23121642	1040005	6
23140074	779	1
23140074	2652	1
23140074	4106	1
23140074	1035448	1
23140074	1035450	1
23140074	1039143	1
23147380	1559	1
23147380	1560	1
23147380	1823	1
23147380	3830	1
23147380	30139	1
23147380	1031466	1
23147380	1039243	1
23253175	3985	1
23253175	1031782	1
23253175	1032442	1
23253175	1034776	1
23253175	1036224	1
23259529	1050	1
23259529	2406	1
23259529	2654	1
23259529	2970	1
23259529	2973	2
23259529	3770	1
23259529	25943	1
23259529	26581	1
23259529	26697	1
23259529	1032773	1
23259529	1032905	1
23259529	1034027	1
23259529	1034506	1
23259529	1036695	1
23259529	1040625	1
23259693	1559	1
23259693	1561	2
23259693	1032879	1
23296220	1073	1
23296220	2597	1
23296220	3814	1
23296220	3864	2
23296220	26643	1
23296220	1030884	2
23296220	1034455	5
23296220	1038439	1
23391781	2643	1
23391781	2644	1
23391781	2645	1
23391781	2652	1
23391781	26121	1
23399577	201	1
23399577	1032750	1
23399577	1034412	1
23399577	1037596	1
23399577	1038514	1
23399577	1040580	1
23524657	632	3
23524657	3864	1
23524657	1031603	1
23524657	1031615	1
23524657	1033655	1
23524657	1036430	1
23524657	1036745	1
23524657	1037473	1
23524657	1038006	1
23524657	1038200	1
23524657	1038360	1
23524657	1038652	1
23540997	26884	1
23540997	1034145	1
23540997	1034890	1
23540997	1035977	1
23540997	1042457	1
23582391	1561	2
23582391	1032879	2
23587740	3019	15
23587740	4450	2
23698607	3793	1
23698607	29794	1
23698607	30341	1
23698607	1033177	1
23698607	1036958	1
23817079	28854	6
23845181	1559	3
23845181	1032879	2
23878258	1036958	1
23878258	1036990	6
23878258	1037010	2
23878258	1037473	1
23878258	1039359	1
23882865	252	1
23882865	333	1
23882865	334	1
23882865	1368	1
23962121	252	1
23962121	333	1
23962121	828	1
23962121	1368	1
23962121	1369	1
23962121	1372	1
23962121	1373	1
23962121	3767	1
23962121	3770	1
23962121	3771	1
23962121	4257	1
23962121	25943	1
23962121	25944	1
23962121	26581	1
23962121	1033184	1
23976053	4176	1
23976053	4238	1
23976053	4239	1
23976053	30141	1
23976053	1035128	1
23976053	1035508	1
23976053	1036451	1
23976053	1036598	1
23976053	1036758	1
23976053	1038594	1
23976053	1038690	1
23976053	1038780	1
23976053	1039171	2
23976053	1040303	1
23976053	1041306	1
23976053	1041443	1
23976053	1042906	1
23999958	1559	1
23999958	1560	2
23999958	1561	2
23999958	1823	1
23999958	3392	1
24005188	4268	1
24005188	30135	1
24005188	30213	1
24005188	1030784	2
24005188	1031603	1
24005188	1036736	1
24074972	1559	4
24074972	1560	1
24109224	1559	2
24109224	1560	1
24109224	1031164	1
24109224	1034777	1
24109224	1038652	2
24122476	115	2
24122476	288	1
24122476	30742	1
24122476	1036736	1
24149371	29986	1
24149371	1031606	1
24149371	1032194	1
24149371	1035507	1
24238396	1109	1
24238396	1442	1
24238396	1617	2
24238396	2636	1
24238396	2637	1
24238396	2640	1
24238396	2642	1
24238396	3765	1
24238396	30205	1
24238396	1034591	1
24238396	1037911	1
24238396	1038652	1
24264457	1030884	1
24264457	1034757	1
24264457	1035160	3
24264457	1035569	1
24264457	1035630	1
24264457	1038429	1
24271479	26284	2
24271479	29241	1
24271479	29885	1
24271479	29896	1
24271479	30263	1
24271479	1030678	1
24271479	1033270	1
24271479	1034580	1
24271479	1037533	1
24286627	512	1
24286627	1828	1
24286627	28376	1
24286627	1035569	1
24373106	1559	2
24373106	1560	2
24383618	3463	1
24383618	26691	1
24383618	30322	1
24383618	1033017	1
24383618	1038200	1
24408012	1559	2
24408012	1560	2
24408012	30613	1
24408012	1031466	1
24408012	149000000944	1
24426690	1367	1
24426690	2625	1
24426690	3612	1
24426690	1033468	1
24487695	73	1
24487695	345	1
24487695	346	1
24487695	626	1
24487695	1617	1
24487695	1823	1
24487695	3360	1
24487695	4198	1
24487695	4199	1
24487695	4346	1
24487695	26063	1
24487695	26249	1
24487695	29192	3
24487695	29987	1
24487695	29989	1
24487695	30670	1
24487695	1030676	1
24487695	1031517	1
24487695	1031779	1
24487695	1032877	1
24487695	1033036	1
24487695	1033079	1
24487695	1035470	2
24487695	1035483	1
24487695	1035508	1
24487695	1035598	1
24487695	1035615	1
24487695	1036425	1
24487695	1037047	1
24487695	1038388	1
24487695	1039240	1
24487695	1041167	1
24487695	1041385	1
24487695	1041390	1
24487695	1041480	2
24487695	1041621	1
24487695	1041708	1
24487695	1042366	1
24487695	1042585	1
24487695	1043175	2
24487695	1043180	2
24487695	149000001003	2
24487695	149000001052	1
24487695	149000001156	1
24641139	3830	1
24641139	1031107	1
24641139	1032879	1
24641139	1033860	1
24652848	3995	1
24652848	1035225	1
24652848	1037803	1
24652848	1038555	1
24674724	3326	2
24674724	1032515	1
24674724	1036741	1
24706161	315	1
24706161	1946	1
24706161	1032546	1
24706161	1038028	1
24728877	2225	1
24728877	4230	1
24728877	1030911	1
24728877	1036695	1
24743609	1559	1
24743609	1823	1
24743609	3830	1
24743609	30205	1
24743609	1032879	1
24777144	541	1
24777144	30599	1
24777144	1034506	1
24777144	1035153	1
24825226	149000000941	1
24825226	149000000944	1
24825226	149000000945	1
24825226	149000000946	1
24825226	149000001003	1
24850881	1559	1
24850881	1560	1
24850881	30616	1
24850881	1032878	1
24903912	155	2
24903912	3864	1
24903912	149000000574	1
24915283	341	1
24915283	632	1
24915283	26712	1
24915283	1031664	1
24915283	1036798	1
24915283	1037956	1
24915283	1038251	2
24915283	1038780	1
24933777	2272	1
24933777	1033436	1
24933777	1033468	1
24933777	1039041	1
24933777	1039129	1
24937067	252	1
24937067	334	1
24937067	1368	1
24937067	1369	1
24969897	201	1
24969897	1946	1
24969897	3758	1
24969897	1030838	1
24969897	1034056	1
24969897	1038360	1
25053439	3355	1
25053439	4237	2
25053439	1036753	1
25178748	1030578	1
25178748	1031602	1
25178748	1033244	1
25178748	1034029	1
25225791	1254	1
25225791	27297	1
25225791	27880	1
25225791	28276	1
25225791	1035184	1
25300271	541	1
25300271	26064	1
25300271	1034191	1
25300271	1034317	1
25327134	649	1
25327134	651	1
25327134	2625	1
25327134	2643	1
25327134	2644	1
25327134	2645	1
25417913	2069	1
25417913	4360	1
25417913	26643	1
25417913	1034762	1
25417913	1038995	1
25445744	2159	1
25445744	1030475	2
25445744	1031305	1
25445744	1032835	1
25445744	1032847	1
25445744	1038429	1
25476466	651	1
25476466	4099	1
25476466	1036319	1
25476466	1038175	1
25534091	1559	1
25534091	1560	1
25534091	3019	1
25534091	1032877	1
25534091	1032878	1
25534091	1034382	1
25534091	149000001501	1
25557352	315	1
25557352	742	1
25557352	2272	1
25557352	3359	1
25557352	3603	1
25557352	26221	1
25557352	1034762	1
25557352	1035441	1
25557352	1037786	1
25557352	1038249	1
25679743	3049	2
25679743	1036188	1
25679743	1036981	1
25679743	1038429	1
26019119	25943	2
26019119	1035569	1
26019119	1038555	1
26019119	1040182	1
26340374	1560	1
26340374	2622	1
26340374	3148	1
26340374	1034316	1
26340374	1034382	1
26340374	1035510	1
26340374	1036420	1
26340374	1036799	1
26340374	1036846	1
26340374	1037902	1
26340374	1038514	2
26340374	1038659	1
26340374	1039170	1
26340374	1040368	3
26340374	1041443	1
26340374	149000000574	1
26340374	149000000941	2
26340374	149000000944	1
26340374	149000000946	1
26340374	149000001435	1
26456313	1559	3
26456313	1560	1
26464192	1508	1
26464192	4257	1
26464192	1032440	2
26464192	1034521	2
26464192	1035153	1
26464192	1036798	1
26464192	1038423	1
26524518	333	2
26524518	1368	2
26524518	1031782	1
26531160	3359	1
26531160	26430	1
26531160	26433	1
26531160	1034964	2
26531160	1036739	1
26531160	1038429	1
26611229	283	1
26611229	326	1
26611229	3019	2
26611229	1033847	1
26611229	1038478	2
26611229	1038486	1
26939810	1559	1
26939810	1560	1
26939810	1561	1
26939810	1032879	1
27640707	1073	1
27640707	1897	1
27640707	1033471	1
27640707	1033474	2
27640707	1039359	1
27640707	1041697	1
27640707	1042135	2
27703439	168	1
27703439	1561	2
27703439	1823	1
27703439	2099	1
27703439	3590	1
27703439	4221	1
27703439	4301	1
27703439	28869	1
27703439	29977	1
27703439	29979	1
27703439	30616	1
27703439	1032879	1
27703439	1033822	1
27703439	1034404	1
27703439	1037415	2
27703439	1038652	1
27703439	1039086	1
27703439	1041164	1
27703439	149000000476	1
28002022	1561	1
28002022	1034592	1
28002022	1035304	1
28002022	1038049	1
28019122	333	1
28019122	334	2
28019122	1368	2
28019122	1369	1
28134035	1031458	1
28134035	1031459	1
28134035	1031477	1
28134035	1031493	1
28148335	3977	1
28148335	25815	1
28148335	28612	1
28148335	1031664	1
28184040	317	2
28184040	2181	1
28184040	2649	1
28184040	27432	1
28184040	1033749	1
28184040	1037563	1
28184040	1038652	1
28219403	3326	4
28317182	252	1
28317182	333	1
28317182	334	1
28317182	1368	1
28324627	334	2
28324627	1368	1
28324627	1369	1
28352385	1617	1
28352385	1823	1
28352385	30141	1
28352385	30150	1
28352385	1032879	1
28360561	1559	1
28360561	1560	1
28360561	1823	1
28360561	26159	2
28365227	252	1
28365227	333	1
28365227	334	2
28365227	1368	1
28365227	1369	2
28372004	3864	4
28492705	1035263	1
28492705	1040368	2
28492705	1041443	1
28492705	1042513	1
28510582	1823	2
28510582	3019	1
28510582	4273	1
28511598	2618	1
28511598	2628	1
28511598	27040	2
28511598	1033463	1
28511598	1035967	1
28769522	3048	1
28769522	1037847	1
28769522	1037855	1
28769522	1037969	1
28769522	1038621	1
28769522	1040907	1
28876162	3460	5
28876162	26734	1
28876162	26735	1
28876162	26736	1
28947519	1559	1
28947519	1560	1
28947519	1561	1
28947519	1032879	1
29165948	333	2
29165948	334	2
29165948	1368	2
29165948	1031490	1
29290332	1031466	1
29290332	1032877	1
29290332	1032879	2
29417629	29192	1
29417629	29520	1
29417629	29529	1
29417629	29536	1
29427994	1073	1
29427994	1561	1
29427994	1823	2
29427994	26126	1
29427994	26173	1
29427994	1031612	1
29427994	1031613	1
29427994	1032879	2
29427994	1033036	1
29427994	1034123	1
29427994	1036430	1
29427994	1037587	1
29427994	1037764	1
29427994	1039218	1
29427994	1041415	1
29427994	1041460	1
29427994	1042699	1
29449143	497	1
29449143	508	2
29449143	553	1
29449143	1242	1
29449143	1819	1
29449143	1836	1
29449143	4289	1
29449143	1032659	1
29457962	28206	1
29457962	30128	1
29457962	1031478	1
29457962	1036429	1
29457962	1039107	1
29509145	2636	1
29509145	3765	1
29509145	26109	1
29509145	1033082	1
29509145	1033899	2
29509145	1036753	1
29509145	1040672	1
29509145	149000000888	1
29510649	1823	1
29510649	3830	1
29510649	30205	1
29510649	1032877	4
29510649	1032878	1
29534674	252	2
29534674	1369	2
29615542	283	1
29615542	326	1
29615542	26223	1
29615542	1030784	1
29665595	1617	1
29665595	4360	1
29665595	1037852	1
29665595	1042267	1
29738087	924	1
29738087	926	1
29738087	3663	2
29738087	4099	1
29738087	4257	1
29738087	1034012	1
29738087	1035881	1
29738087	1036802	1
29738087	1036807	1
29762666	1144	1
29762666	1037910	1
29762666	1041791	2
29816120	4450	3
29816120	1032877	1
29816120	1036420	1
29816120	1038606	1
30145328	3146	1
30145328	26222	1
30145328	28263	1
30145328	29241	1
30145328	29987	1
30293188	1559	1
30293188	1560	1
30293188	1561	1
30293188	1823	1
30293188	1032879	1
30584708	1561	1
30584708	30295	1
30584708	1030706	1
30584708	1031459	1
30727772	29896	1
30727772	1035109	1
30727772	1035114	1
30727772	1036758	1
30858707	1559	1
30858707	1560	1
30858707	3830	1
30858707	1033822	1
30974378	30090	1
30974378	30094	1
30974378	30103	1
30974378	1031613	1
30975717	1033474	1
30975717	1035630	1
30975717	1036518	2
30988625	1032191	1
30988625	1034773	1
30988625	1035509	1
30988625	1041825	1
30988625	1042270	1
30988625	149000001434	1
30997184	1030884	1
30997184	1034521	1
30997184	1039086	1
30997184	1039145	1
30997184	1040182	1
30997184	149000000548	1
31042905	4360	1
31042905	26223	1
31042905	26884	1
31042905	1032440	2
31042905	1035569	1
31042905	1036964	1
31042905	1037520	1
31042905	1039034	1
31120447	1073	1
31120447	1779	2
31120447	1039037	1
31320224	1041656	1
31320224	1041664	3
31321411	1561	1
31321411	3995	1
31321411	30205	1
31321411	1037807	1
31321411	1039035	1
31321411	1039037	1
31321411	1040837	1
31330579	1525	1
31330579	1036752	2
31330579	1036758	1
31353502	4133	1
31353502	26736	1
31353502	26776	1
31353502	26778	1
31353502	1030536	1
31353502	1031534	1
31353502	1032515	1
31353502	1037786	1
31353502	1040172	1
31353502	1042437	1
31359165	1030884	3
31359165	1039033	1
31465710	1559	1
31465710	1560	1
31465710	1561	1
31465710	3830	1
31465710	1037910	1
31519548	2592	1
31519548	1034510	1
31519548	1036738	1
31519548	149000000728	1
31621547	3360	1
31621547	1036188	2
31621547	1038148	1
32012948	276	1
32012948	1559	1
32012948	1560	1
32012948	1037578	1
32012948	1038170	1
32012948	1041668	1
32025482	4386	1
32025482	1033463	1
32025482	1033465	1
32025482	1033474	1
32053023	1559	2
32053023	3830	1
32053023	1032879	1
32138884	4266	2
32138884	4267	2
32138884	4268	2
32138884	26219	1
32138884	26428	1
32138884	26429	1
32138884	26430	1
32138884	26431	1
32138884	26433	1
32138884	26435	1
32138884	26438	1
32138884	26452	1
32138884	40000	1
32138884	1031612	1
32138884	1031613	1
32138884	1031614	1
32138884	1031615	1
32138884	1032877	1
32138884	1032878	1
32138884	1032887	1
32138884	1034382	1
32138884	1034696	1
32138884	1039059	1
32138884	1040363	1
32283767	1560	1
32283767	1561	1
32283767	1823	1
32283767	4277	1
32366629	26884	1
32366629	29988	1
32366629	29989	1
32366629	1035904	1
32509265	1561	3
32509265	1032879	1
32788796	1559	3
32788796	1560	1
32788796	3830	1
32788796	30205	1
32814728	2162	1
32814728	1032440	2
32814728	1037786	1
32932636	3865	1
32932636	3866	1
32932636	4258	1
32932636	26928	1
32932636	1032750	1
32932636	1036800	1
32940913	3864	5
32941796	2841	1
32941796	3864	1
32941796	1033716	1
32941796	1038429	1
32941796	1040837	1
33032842	1559	1
33032842	1032877	4
33055704	3270	1
33055704	3408	1
33055704	3419	1
33055704	3599	1
33055704	1032440	1
33055704	1035133	1
33055704	1036446	1
33055704	1042837	1
33055704	1042940	1
33152415	1529	1
33152415	3541	1
33152415	29685	1
33152415	1036169	1
33152415	1036728	1
33152702	1031463	1
33152702	1035111	1
33152702	1037546	2
33248217	30090	1
33248217	30094	1
33248217	30101	1
33248217	1039359	1
33281532	2070	1
33281532	4450	1
33281532	1034150	1
33281532	1035816	1
33281532	1036745	1
33323944	3019	1
33323944	26573	1
33323944	1039123	1
33323944	1039189	1
33392914	605	1
33392914	30314	1
33392914	1030652	1
33392914	1034425	1
33392914	1034506	1
33392914	1039034	1
33392914	1039359	1
33392914	1039479	1
33401348	617	1
33401348	1617	2
33401348	2401	1
33401348	1033459	1
33424530	1559	1
33424530	1560	1
33424530	1823	1
33424530	1032879	1
33458826	1823	1
33458826	1035153	1
33458826	1039111	1
33458826	149000000535	1
33484459	1509	1
33484459	4502	1
33484459	26121	1
33484459	1036326	1
33484459	1041697	1
33538588	1559	1
33538588	1560	1
33538588	30205	1
33538588	1031461	1
33538588	1032879	1
33589185	877	1
33589185	1033259	1
33589185	1033264	1
33589185	1033310	1
33734299	2785	2
33734299	2786	2
33734299	2787	1
33734299	2789	1
33734299	1038837	1
33758717	3893	4
33758717	3896	5
33758717	1030784	2
33758717	1037415	1
33758717	1037747	3
33758717	1038621	2
33758717	1038623	2
33758717	1038624	3
33758717	1038625	2
33758717	1038627	1
33758717	1038930	2
33773855	28821	1
33773855	28822	1
33773855	1039131	1
33773855	1039166	1
33773855	1040292	1
33795004	29977	1
33795004	1034049	1
33795004	1038200	1
33795004	1038550	1
34008431	511	1
34008431	920	1
34008431	922	1
34008431	2810	1
34008431	3697	1
34008431	3699	1
34072773	1823	1
34072773	3708	1
34072773	1034506	1
34072773	1037563	1
34072773	1039111	1
34072773	1041443	1
34099577	1823	1
34099577	1031458	1
34099577	1032878	1
34099577	1038329	1
34099577	1038652	1
34113883	1559	1
34113883	1560	1
34113883	1823	1
34113883	1034985	1
34259867	3971	1
34259867	1031454	1
34259867	1031568	1
34259867	1037577	1
34259867	1037578	1
34271182	1559	1
34271182	1560	1
34271182	1561	1
34271182	1032877	1
34271182	1032879	1
34623021	1073	1
34623021	2272	1
34623021	2646	1
34623021	3360	1
34623021	1031466	1
34623021	1033017	1
34623021	1039170	1
34623021	1040368	1
34623021	1042089	1
34661020	1559	2
34661020	1560	1
34661020	1561	1
34661020	1032877	1
34826145	26884	4
35051721	28621	1
35051721	28624	1
35051721	28626	1
35051721	28632	1
35158040	26166	1
35158040	1032547	1
35158040	1037546	1
35158040	1037559	1
35158040	1038995	2
35216899	3541	1
35216899	1034020	1
35216899	1034027	1
35216899	1034801	1
35216899	1034836	1
35216899	1036595	1
35216899	1040713	1
35277929	1323	1
35277929	1994	1
35277929	29152	1
35277929	1038143	1
35277929	1038175	1
35277929	1041301	1
35970933	3340	1
35970933	3341	1
35970933	3495	2
35970933	4231	1
35970933	1037910	1
35970933	1039014	1
36181975	1033459	1
36181975	1035615	1
36181975	1037412	1
36181975	1037747	1
36227422	2644	1
36227422	26928	1
36227422	1037458	1
36227422	1037462	1
36281970	1587	1
36281970	1034682	1
36281970	1036169	1
36281970	1039951	1
36392696	503	2
36392696	1030784	1
36392696	1035510	1
36392696	1036738	1
36393424	3339	1
36393424	1033436	2
36393424	1039381	1
36393424	1039434	1
36554172	201	1
36554172	385	1
36554172	4257	1
36554172	29479	2
36554172	1033900	1
36554172	1038450	1
36604149	1559	1
36604149	1561	1
36604149	1823	1
36604149	4273	1
36604149	1038652	1
37053470	1559	2
37053470	1560	2
37077980	2751	1
37077980	1031469	1
37077980	1031478	1
37077980	1031479	1
37077980	1031490	1
37077980	1036658	1
37099074	1823	2
37099074	2636	1
37099074	149000000534	1
37200581	1036758	2
37200581	1038652	1
37200581	1039026	1
37200581	1042135	1
37200581	149000000476	1
37207126	26160	1
37207126	26165	1
37207126	1031614	1
37207126	1035163	1
37325321	1823	1
37325321	1032877	1
37325321	1033626	3
37410732	861	1
37410732	2160	1
37410732	2162	1
37410732	3521	1
37410732	3765	1
37410732	1035153	1
37410732	1036765	1
37420373	26106	1
37420373	1033017	1
37420373	1033633	1
37420373	1035853	1
37420373	1036430	1
37420373	1037534	1
37420373	149000000530	1
37420373	149000000533	1
37430722	29765	1
37430722	29766	1
37430722	29767	1
37430722	29768	1
37453512	303	1
37453512	877	1
37453512	1457	1
37453512	4231	1
37453512	1032727	1
37453512	1036331	1
37819760	2653	1
37819760	3494	1
37819760	1031164	2
37819760	1033459	1
37821273	1800	1
37821273	3046	1
37821273	1036317	1
37821273	1036758	2
38088844	2296	1
38088844	28668	1
38088844	1037819	1
38088844	1037964	1
38104305	201	1
38104305	1560	3
38104305	1561	3
38104305	3904	1
38104305	4287	1
38104305	1032659	1
38104305	1032877	1
38104305	1032879	1
38187945	1040368	4
38196863	333	1
38196863	334	1
38196863	1368	1
38196863	1369	2
38199682	336	1
38199682	842	1
38199682	2021	1
38199682	2022	1
38199682	3123	1
38199682	3663	1
38199682	29885	1
38199682	1034506	1
38199682	1035153	1
38199682	1035448	1
38199682	1036789	1
38199682	1039034	1
38199682	1039240	1
38402549	29576	1
38402549	1035153	1
38402549	1038287	1
38402549	1042786	1
38413821	3180	2
38413821	26887	1
38413821	29987	1
38514767	26109	1
38514767	1032659	1
38514767	1038177	1
38514767	149000000574	1
38712513	1617	2
38712513	1032442	3
38712513	1034059	2
39102563	377	1
39102563	4200	1
39102563	1031472	1
39102563	1042270	1
39102563	149000000534	1
39102563	149000000535	1
39250364	1560	1
39250364	30205	2
39250364	1032879	1
39266936	1032878	1
39266936	1033070	2
39266936	1036658	2
39266936	1037577	1
39300892	4197	1
39300892	1030915	1
39300892	1035815	1
39300892	1036978	1
39302846	264	1
39302846	1823	1
39302846	3717	1
39302846	1036307	1
39306706	1033028	3
39306706	1038200	1
39458828	2636	1
39458828	3765	1
39458828	1038652	1
39458828	1041301	1
39483207	305	1
39483207	4199	1
39483207	26160	1
39483207	1037563	1
39483207	1037564	1
39483207	1038659	2
39819995	3765	1
39819995	1031928	1
39819995	1035210	2
39819995	1040836	1
39944674	1584	3
39944674	1587	1
39944674	1946	1
39944674	3723	1
39944674	4107	1
39944674	29703	1
39944674	1031316	1
39944674	1033776	1
39944674	1036911	1
39944674	1039949	1
39944674	1041516	1
40022325	1033655	1
40022325	1033664	1
40022325	1033665	1
40022325	1033666	1
40022325	1033668	1
40022325	1033669	1
40022325	1033670	1
40022325	1033720	1
40040329	1559	1
40040329	1561	1
40040329	30205	1
40040329	1032879	1
40188489	29987	1
40188489	30141	1
40188489	1031466	1
40188489	1033467	1
40188489	1040824	1
40361566	1559	1
40361566	1561	1
40361566	2640	1
40361566	1032879	1
40699950	333	1
40699950	334	2
40699950	3360	1
40699950	1031463	2
40770810	1559	1
40770810	1560	1
40770810	3830	1
40770810	30205	1
40843821	1584	1
40843821	1039032	1
40843821	1039036	1
40843821	1040836	1
41045208	4533	1
41045208	1032887	1
41045208	1039034	1
41045208	1042459	1
41067171	29072	1
41067171	1035912	1
41067171	1036430	1
41067171	1039170	1
41198884	201	2
41198884	3618	1
41198884	4535	1
41198884	28821	1
41198884	1032704	1
41198884	1033436	1
41198884	1033459	1
41198884	1037415	1
41198884	1040447	1
41198884	1040547	1
41234139	2644	1
41234139	29986	1
41234139	1034059	1
41234139	1041163	1
41234139	1042650	1
41234139	149000000534	1
41528427	3049	2
41528427	3349	1
41528427	28820	1
41528427	1033028	1
41582427	4419	1
41582427	1034015	1
41582427	1034022	1
41582427	1039026	1
41629583	2400	1
41629583	29338	1
41629583	30206	1
41629583	30212	1
41629583	30215	1
41629583	1032442	1
41629583	1033553	1
41629583	1035004	1
41629583	1040368	1
41629583	1042701	1
41915928	25854	1
41915928	25856	1
41915928	28260	2
41915928	1038659	1
41972521	1031348	2
41972521	1034778	1
41972521	1034864	4
42431018	219	1
42431018	466	1
42431018	1617	1
42431018	1945	1
42431018	3814	1
42431018	4183	1
42431018	4411	1
42431018	4524	1
42431018	26109	1
42431018	27311	1
42431018	28991	1
42431018	29888	1
42431018	1030536	1
42431018	1031465	1
42431018	1032659	1
42431018	1033082	1
42431018	1033168	1
42431018	1034376	2
42431018	1034762	1
42431018	1035153	1
42431018	1035569	1
42431018	1036469	1
42431018	1036736	1
42431018	1038273	1
42431018	1038635	1
42431018	1040005	1
42431018	1040172	1
42431018	1041292	1
42431018	1041311	1
42431018	1042662	2
42431018	1042671	2
42431018	149000000510	2
42431018	149000000517	1
42431018	149000000714	2
42431018	149000000715	1
42431018	149000000928	1
42431018	149000001293	1
42480257	147	1
42480257	2101	1
42480257	3341	1
42480257	3758	1
42480257	1031606	1
42480257	1031613	1
42480257	1031935	1
42480257	1036430	1
42480257	1036661	1
42480257	1037577	1
42480257	1038620	1
42480257	1039037	1
42480257	1040363	1
42480257	1041659	1
42480257	1042143	1
42480257	1042341	1
42480257	1042646	1
42480257	1042699	1
42480257	149000001438	1
42658979	1561	2
42658979	1032879	2
42932905	3359	1
42932905	1030884	1
42932905	1032658	1
42932905	1042267	1
42976012	1560	2
42976012	1561	3
42977538	324	1
42977538	1032025	1
42977538	1035630	1
42977538	1038652	1
42977538	1038659	1
42988199	450	1
42988199	4101	1
42988199	28713	1
42988199	1034757	4
42988199	1038950	1
42988199	1038966	2
42988199	149000000457	1
43293286	1694	1
43293286	3595	1
43293286	4524	1
43293286	1033212	1
43293286	1033853	1
43293286	1033908	5
43293286	1034864	1
43293286	1038765	1
43433089	4101	5
43433089	1034757	12
43433089	1038777	1
43433089	1038778	1
43433089	1038950	5
43433089	1038966	1
43433089	1042139	1
43440547	264	2
43440547	3708	1
43440547	4101	1
43440547	26573	1
43440547	1034757	1
43440547	1035133	2
43459760	1560	1
43459760	3970	1
43459760	4227	1
43459760	4229	1
43459760	26109	1
43459760	1033822	1
43459760	1034600	1
43459760	1037239	1
43459760	1037576	1
43459760	1043124	1
43459918	767	8
43507442	345	1
43507442	1848	1
43507442	1030833	1
43507442	1033670	1
43507442	1033716	1
43507442	1035450	1
43507442	1040703	1
43507442	1042698	1
43558272	26887	1
43558272	1042461	1
43558272	1042614	2
43569623	1559	1
43569623	1560	1
43569623	1617	1
43569623	30205	2
43569623	1032879	1
43569623	1041621	1
43748455	306	2
43748455	2592	1
43748455	1034382	1
43748455	1042773	1
44929036	115	1
44929036	719	1
44929036	29986	1
44929036	1039037	1
44929036	1042457	1
45267018	1430	1
45267018	1754	1
45267018	1823	1
45267018	2636	1
45267018	2640	1
45267018	3970	1
45267018	1037563	1
45286818	1559	2
45286818	1560	1
45286818	1561	1
45286818	1823	1
45396122	1559	1
45396122	1560	1
45396122	1561	1
45396122	1617	1
45396122	1037567	1
45396122	1037578	1
45396122	1037587	1
45723341	25854	1
45723341	25855	1
45723341	28260	1
45723341	28261	1
45779701	132	1
45779701	26699	1
45779701	1036245	2
45810589	2964	1
45810589	3019	1
45810589	28991	1
45810589	1031164	1
45810589	1036454	1
45810589	1037747	1
46285322	3326	4
46297112	1559	1
46297112	1560	1
46297112	1823	1
46297112	3830	1
46361756	3771	1
46361756	4176	1
46361756	26578	1
46361756	26844	1
46361756	30205	1
46361756	1030578	1
46361756	1035373	1
46361756	1038613	1
46361756	149000000883	1
46361756	149000000887	1
46361756	149000000888	1
46391490	2406	1
46391490	2832	1
46391490	26151	1
46391490	26637	1
46391490	26638	1
46391490	26640	1
46391490	26733	1
46391490	26735	1
46391490	26736	1
46391490	27386	2
46391490	27442	2
46391490	29703	1
46391490	1031916	1
46391490	149000001090	1
46391490	149000001440	1
46412070	1561	1
46412070	1823	1
46412070	3830	1
46412070	1034801	1
46412070	1042341	1
46412070	1042931	2
46412070	149000000941	1
46719403	2161	2
46719403	2162	2
46747977	1559	2
46747977	1560	2
46812533	1897	2
46812533	1032877	1
46812533	1035508	1
46889669	1561	1
46889669	1823	1
46889669	1038652	3
46889669	1038837	1
47099498	2650	2
47099498	4231	1
47099498	1031548	1
47099498	1032658	1
47099498	1033210	1
47099498	1035928	1
47099498	1036074	1
47099498	1037415	1
47099498	1042846	1
47408859	1559	3
47408859	1560	3
47631182	1030652	1
47631182	1042756	1
47631182	1042805	1
47631182	1042813	1
47939485	605	1
47939485	606	1
47939485	877	1
47939485	2654	1
47939485	149000000849	1
48687863	1031613	1
48687863	1035509	1
48687863	1038652	1
48687863	149000001434	1
48687863	149000001436	1
49076020	3896	1
49076020	1030397	1
49076020	1030784	1
49076020	1030884	1
49076020	1033885	1
49744566	2930	1
49744566	2932	1
49744566	3046	1
49744566	3349	1
50355925	1109	1
50355925	3700	1
50355925	27279	1
50355925	1033822	1
50355925	1035160	2
50355925	1042614	1
50355925	149000000763	1
50556286	1819	1
50556286	30128	1
50556286	1035290	1
50556286	1035303	1
50556286	1039476	1
50584285	1030536	1
50584285	1034412	1
50584285	1036179	1
50584285	1037759	1
50758265	1035630	4
51960547	120	1
51960547	4215	1
51960547	4219	1
51960547	1031466	1
51960547	1031467	1
51960547	1031471	1
51960547	1031493	1
51960547	1037565	1
51960547	1037567	1
51960547	1039596	1
52114662	26163	1
52114662	149000000941	1
52114662	149000000943	1
52114662	149000000946	1
52118812	1587	3
52118812	1032025	1
52301549	1038621	1
52301549	1039148	1
52301549	1039164	1
52301549	1040280	1
52353404	1032750	1
52353404	1035630	6
52448965	4166	4
52500402	2810	1
52500402	26736	1
52500402	1036108	1
52500402	1036116	1
52628439	3019	7
52628439	26109	2
52688238	25980	1
52688238	29896	1
52688238	149000000510	2
52711307	26109	2
52711307	1031459	1
52711307	1031613	1
52711307	1035109	1
52711307	1042267	1
52711307	1042614	1
52833165	4101	1
52833165	28713	1
52833165	1034757	2
52833165	1034865	1
52892992	2159	2
52892992	1031772	1
52892992	1033626	2
52892992	1037758	1
52892992	1041621	1
52894911	377	1
52894911	1559	1
52894911	1034562	1
52894911	149000000728	1
53033838	3717	1
53033838	4450	1
53033838	1031610	1
53033838	149000001293	1
53033838	149000001349	1
53033838	149000001437	1
53033838	149000001506	1
53103377	3995	1
53103377	4535	1
53103377	25980	1
53103377	26113	1
53103377	29990	1
53103377	1030884	1
53103377	1031614	1
53103377	1033465	1
53103377	1033802	1
53103377	1034625	1
53103377	1038097	1
53103377	1038200	1
53103377	1038659	1
53103377	1042783	1
53103377	149000000531	1
53103377	149000000881	2
53176893	1038177	1
53176893	149000000943	1
53176893	149000000944	1
53176893	149000000945	1
53176893	149000000946	1
53176893	149000000948	1
53401818	1617	1
53401818	2637	1
53401818	26109	1
53401818	1033168	1
53401818	1038652	1
53401818	1041301	1
53495426	26249	2
53495426	1033122	2
53570679	1559	1
53570679	1560	1
53570679	3995	1
53570679	1037559	1
53597184	26170	1
53597184	30215	1
53597184	1031610	1
53597184	1032877	1
53621623	132	1
53621623	252	1
53621623	333	1
53621623	1368	1
53621623	26682	1
53621623	26687	1
53621623	1037717	1
53621623	1037718	1
53621623	1040145	1
53679137	1030578	1
53679137	1031466	1
53679137	1031467	1
53679137	1035904	1
53679137	1038652	1
53996476	1109	1
53996476	3708	1
53996476	1034757	1
53996476	1041417	1
53996476	1041688	1
54141440	1584	3
54141440	27516	1
54222648	76	1
54222648	4043	1
54222648	30131	1
54222648	1033822	1
54238952	1038420	1
54238952	1039206	1
54238952	1039213	1
54238952	1039228	1
54366179	1559	1
54366179	1560	1
54366179	1617	1
54366179	2161	1
54366179	1034506	1
54403633	632	1
54403633	3699	1
54403633	28854	1
54403633	1030675	1
54403633	149000000534	1
54517273	1559	1
54517273	1823	1
54517273	1037563	1
54517273	1037567	1
54517273	1037578	1
54585416	897	1
54585416	920	1
54585416	1823	1
54585416	1031466	1
54585416	1037577	1
54800716	1559	1
54800716	1560	1
54800716	3830	1
54800716	1032879	1
54800716	149000001329	1
55067758	1031107	1
55067758	1031458	1
55067758	1031481	1
55067758	1040833	1
55223168	1041791	6
